published,title,link,tr_title,tr_link,tr_uid,emeralded,cat
2020/3/12,Taking Inventory: Lily Pad,https://www.minecraft.net/zh-hans/article/taking-inventory--lily-pad,背包盘点：睡莲,https://www.mcbbs.net/thread-984537-1-1.html,1249946,0,insider:ti
2020/3/12,A Grand Gallery,https://www.minecraft.net/zh-hans/article/a-grand-gallery,豪华画廊,https://www.mcbbs.net/thread-984547-1-1.html,3017106,0,culture
2020/3/10,Let's cheat death,https://www.minecraft.net/zh-hans/article/let-s-cheat-death,永续生命,https://www.mcbbs.net/thread-982932-1-1.html,10240,0,insider
2020/3/6,Taking Inventory: Bell,https://www.minecraft.net/zh-hans/article/taking-inventory--bell,背包盘点：钟,https://www.mcbbs.net/thread-978929-1-1.html,10240,0,insider:ti
2020/3/6,Build with It: Stained Glass!,https://www.minecraft.net/zh-hans/article/build-it--stained-glass-,与之搭建：染色玻璃！,https://www.mcbbs.net/thread-979007-1-1.html,2419486,0,culture:bwi
2020/3/6,A Forest Getaway,https://www.minecraft.net/zh-hans/article/a-forest-getaway,森林度假区,https://www.mcbbs.net/thread-977976-1-1.html,2444361,0,culture
2020/2/28,Fabulous fountains,https://www.minecraft.net/zh-hans/article/fabulous-fountains,神化喷泉,https://www.mcbbs.net/thread-972174-1-1.html,1405557,1,culture
2020/2/27,Creating History in Minecraft,https://www.minecraft.net/zh-hans/article/creating-history-minecraft,在我的世界中创造历史,https://www.mcbbs.net/thread-971492-1-1.html,1405557,1,culture
2020/2/26,Taking Inventory: Saddle,https://www.minecraft.net/zh-hans/article/taking-inventory--saddle,背包盘点：鞍,https://www.mcbbs.net/thread-970054-1-1.html,10240,1,insider:ti
2020/2/21,Dungeons Diaries: Environments,https://www.minecraft.net/zh-hans/article/dungeons-diaries--environments,《Minecraft 地下城》开发日志：环境,https://www.mcbbs.net/thread-965867-1-1.html,1573041,0,insider
2020/2/20,Taking Inventory: Helmet,https://www.minecraft.net/zh-hans/article/taking-inventory--helmet,背包盘点：头盔,https://www.mcbbs.net/thread-964975-1-1.html,1196990,1,insider:ti
2020/2/19,Useless Machines,https://www.minecraft.net/zh-hans/article/useless-machines,无用机器,https://www.mcbbs.net/thread-964541-1-1.html,10240,1,insider
2020/2/14,How to express your love in Minecraft,https://www.minecraft.net/zh-hans/article/how-express-your-love-minecraft,用Minecraft表达你的爱,https://www.mcbbs.net/thread-960823-1-1.html,2419486,1,insider
2020/2/13,Taking Inventory: Porkchop,https://www.minecraft.net/zh-hans/article/taking-inventory--porkchop,背包盘点：猪排,https://www.mcbbs.net/thread-959500-1-1.html,1196990,1,insider:ti
2020/2/14,A Curious Friendship,https://www.minecraft.net/zh-hans/article/a-curious-friendship,奇妙的友谊,https://www.mcbbs.net/thread-960179-1-1.html,579717,1,culture
2020/2/12,Illegal Architecture,https://www.minecraft.net/zh-hans/article/illegal-architecture,违章建筑,https://www.mcbbs.net/thread-959214-1-1.html,579717,1,culture
2020/2/7,10 Things You Didn’t Know About The End,https://www.minecraft.net/zh-hans/article/10-things-you-didn-t-know-about-the-end,十件你或许不知道的事：终末,https://www.mcbbs.net/thread-957721-1-1.html,10240,1,insider
2020/2/8,Build with it: Purpur,https://www.minecraft.net/zh-hans/article/build-it--purpur,与之搭建：紫珀,https://www.mcbbs.net/thread-958182-1-1.html,579717,1,culture:bwi
2020/2/6,Taking Inventory: Axe,https://www.minecraft.net/zh-hans/article/taking-inventory--axe,背包盘点：斧,https://www.mcbbs.net/thread-953768-1-1.html,10240,1,insider:ti
2020/1/30,Taking Inventory: Trident,https://www.minecraft.net/zh-hans/article/taking-inventory--trident,背包盘点：三叉戟,https://www.mcbbs.net/thread-949141-1-1.html,1196990,0,insider:ti
2020/1/28,Moody Mods,https://www.minecraft.net/zh-hans/article/moody-mods,暴躁生物,https://www.mcbbs.net/thread-948252-1-1.html,1405557,1,culture
2020/1/27,Crafty Comforts,https://www.minecraft.net/zh-hans/article/crafty-comforts,舒适的家具,https://www.mcbbs.net/thread-948240-1-1.html,1405557,1,culture
2020/1/24,"New Year, New Builds, New Writer!",https://www.minecraft.net/zh-hans/article/new-year--new-builds--new-writer-,新年纪，新建筑，新编辑！,https://www.mcbbs.net/thread-946756-1-1.html,1405557,1,insider
2020/1/24,Dungeons Diaries: Sound,https://www.minecraft.net/zh-hans/article/dungeons-diaries--sounds,《Minecraft 地下城》开发日志：音效,https://www.mcbbs.net/thread-973086-1-1.html,10240,1,insider
2020/1/24,Build With It: Gold!,https://www.minecraft.net/zh-hans/article/build-with-it--gold-,与之搭建:金！,https://www.mcbbs.net/thread-946727-1-1.html,1405557,1,culture:bwi
2020/1/24,Taking Inventory: Melon Slice,https://www.minecraft.net/zh-hans/article/taking-inventory--melon-slice,背包盘点：西瓜片,https://www.mcbbs.net/thread-967405-1-1.html,1880210,1,insider:ti
2020/1/23,Reach for the Stars,https://www.minecraft.net/zh-hans/article/reach-stars,手可摘星辰,https://www.mcbbs.net/thread-946738-1-1.html,1405557,1,culture
2020/1/21,Your New Year's Resolutions,https://www.minecraft.net/zh-hans/article/your-new-year-s-resolutions,你们的新年目标,https://www.mcbbs.net/thread-946740-1-1.html,10240,1,culture
2020/1/18,Praise Builds!,https://www.minecraft.net/zh-hans/article/praise-builds-,赞美建筑们！,https://www.mcbbs.net/thread-943933-1-1.html,1405557,1,culture
2020/1/18,Build With It: Prismarine!,https://www.minecraft.net/zh-hans/article/build-with-it--prismarine-,与之搭建:海晶石！,https://www.mcbbs.net/thread-943464-1-1.html,1405557,1,culture:bwi
2020/1/16,Taking Inventory: Lilac,https://www.minecraft.net/zh-hans/article/taking-inventory--lilac,背包盘点：丁香,https://www.mcbbs.net/thread-942735-1-1.html,10240,1,insider:ti
2020/1/16,A residence fit for royalty,https://www.minecraft.net/zh-hans/article/a-residence-fit-royalty,一座适合皇室居住的宫殿,https://www.mcbbs.net/thread-942577-1-1.html,579717,1,culture
2020/1/14,Subscribe to our YouTube channel,https://www.minecraft.net/zh-hans/article/subscribe-our-youtube-channel,来订阅我们的视频主页吧！,https://www.mcbbs.net/thread-952949-1-1.html,10240,1,insider
2020/1/10,Build With It: Cobblestone!,https://www.minecraft.net/zh-hans/article/build-with-it--cobblestone-,与之搭建: 圆石,https://www.mcbbs.net/thread-942759-1-1.html,1666555,0,culture:bwi
2020/1/9,Taking Inventory: Sign,https://www.minecraft.net/zh-hans/article/taking-inventory--sign,背包盘点：告示牌,https://www.mcbbs.net/thread-939636-1-1.html,10240,1,insider:ti
2020/1/9,Meet the Ice Princess!,https://www.minecraft.net/zh-hans/article/meet-ice-princess-,一睹冰雪公主的芳容吧！,https://www.mcbbs.net/thread-939094-1-1.html,579717,1,culture
2020/1/7,New Year's Resolutions,https://www.minecraft.net/zh-hans/article/new-years-resolutions,新年目标,https://www.mcbbs.net/thread-939177-1-1.html,1196990,1,insider
2020/1/4,Build with It: Diorite!,https://www.minecraft.net/zh-hans/article/build-it--diorite-,与之搭建：闪长岩！,https://www.mcbbs.net/thread-943541-1-1.html,1405557,1,culture:bwi
2020/1/2,Display Your Bountiful Buffets!,https://www.minecraft.net/zh-hans/article/display-your-bountiful-buffets-,堂堂美食任你尝,https://www.mcbbs.net/thread-966278-1-1.html,1405557,1,culture
2019/12/31,Creating art with Minecraft,https://www.minecraft.net/zh-hans/article/creating-art-minecraft,在Minecraft谱写艺术,https://www.mcbbs.net/thread-952918-1-1.html,710691,1,culture
2019/12/29,How to Build a Fireworks Display,https://www.minecraft.net/zh-hans/article/how-build-nye-fireworks-display,建造烟火的演出,https://www.mcbbs.net/thread-936764-1-1.html,1196990,1,culture
2019/12/27,10 Things You Didn't Know About Making Mobs,https://www.minecraft.net/zh-hans/article/10-things-you-didn-t-know-about-making-mobs,关于Minecraft你不知道的十件事：制作生物,https://www.mcbbs.net/thread-952054-1-1.html,2839288,1,insider
2019/12/23,Happy Holidays,https://www.minecraft.net/zh-hans/article/happy-holidays0,节日快乐,https://www.mcbbs.net/thread-935022-1-1.html,1196990,1,insider
2019/12/22,Taking Inventory: Bone,https://www.minecraft.net/zh-hans/article/taking-inventory--bone,背包盘点：骨头,https://www.mcbbs.net/thread-934169-1-1.html,2444378,1,insider:ti
2019/12/21,Treemendous Decorations,https://www.minecraft.net/zh-hans/article/treemendous-decorations,树大的装饰,https://www.mcbbs.net/thread-934661-1-1.html,1196990,1,culture
2019/12/20,Dungeons Diaries: Gameplay,https://www.minecraft.net/zh-hans/article/dungeons-diaries--gameplay,《Minecraft 地下城》开发日志：游戏玩法,https://www.mcbbs.net/thread-973131-1-1.html,10240,1,insider
2019/12/20,Build With It: Acacia!,https://www.minecraft.net/zh-hans/article/build-with-it--acacia-,与之搭建：金合欢！,https://www.mcbbs.net/thread-937680-1-1.html,484281,0,culture:bwi
2019/12/19,Around the World in 80 Builds,https://www.minecraft.net/zh-hans/article/around-world-80-builds,参观世界各地的80座建筑,https://www.mcbbs.net/thread-934003-1-1.html,579717,1,culture
2019/12/20,GORGEOUS GARDENS AND HONEY RAINBOWS,https://www.minecraft.net/zh-hans/article/gorgeous-gardens-and-honey-rainbows,华美温室和蜂蜜彩虹,https://www.mcbbs.net/thread-978365-1-1.html,2419486,0,culture
2019/12/18,Taking Inventory: Elytra,https://www.minecraft.net/zh-hans/article/taking-inventory--elytra,背包盘点：鞘翅,https://www.mcbbs.net/thread-933425-1-1.html,2444378,1,insider:ti
2019/12/14,QUEEN BEE,https://www.minecraft.net/zh-hans/article/queen-bee,蜂后,https://www.mcbbs.net/thread-933706-1-1.html,1073223,1,culture
2019/12/14,Build With It: Terracotta!,https://www.minecraft.net/zh-hans/article/build-with-it--terracotta-,与之搭建：陶瓦！,https://www.mcbbs.net/thread-933527-1-1.html,1073223,1,culture:bwi
2019/12/14,Peruse PixlPlex’s Perfect Palace,https://www.minecraft.net/zh-hans/article/peruse-pixlplex-s-perfect-palace,细细观赏Pixlplex的完美宫殿,https://www.mcbbs.net/thread-933868-1-1.html,1073223,1,culture
2019/12/07,The Scarlet Waltz,https://www.minecraft.net/zh-hans/article/the-scarlet-waltz,鲜红华尔兹,https://www.mcbbs.net/thread-931712-1-1.html,579717,1,culture
2019/12/06,Build With It: Quartz,https://www.minecraft.net/zh-hans/article/build-with-it--quartz,与之搭建：石英,https://www.mcbbs.net/thread-931023-1-1.html,1073223,1,culture:bwi
2019/12/05,Taking Inventory: Cocoa Beans,https://www.minecraft.net/zh-hans/article/taking-inventory--cocoa-beans,背包盘点：可可豆,https://www.mcbbs.net/thread-930676-1-1.html,2937866,1,insider:ti
2019/12/05,Visit Historical Woodburn Manor!,https://www.minecraft.net/zh-hans/article/visit-historical-woodburn-manor,探访古老的伍德伯恩庄园,https://www.mcbbs.net/thread-930679-1-1.html,2937866,0,culture
2019/11/30,10 Things You Didn’t Know About Minecraft Items,https://www.minecraft.net/zh-hans/article/10-things-you-probably-didn-t-know-about-minecraft-items,你可能不知道的十件事 - 物品,https://www.mcbbs.net/thread-929973-1-1.html,1196990,1,insider
2019/11/29,Taking Inventory: Lever,https://www.minecraft.net/zh-hans/article/taking-inventory--lever,背包盘点：拉杆,https://www.mcbbs.net/thread-929452-1-1.html,10240,1,insider:ti
2019/11/27,Making a Minecraft Board Game,https://www.minecraft.net/zh-hans/article/making-minecraft-board-game,一款 Minecraft 桌游的制作历程,https://www.mcbbs.net/thread-929144-1-1.html,10240,1,insider
2019/11/26,Safe Haven On A Dark Night,https://www.minecraft.net/zh-hans/article/safe-haven-on-a-dark-night,黑夜中的安全避难处,https://www.mcbbs.net/thread-928946-1-1.html,1575538,1,culture
2019/11/24,Taking Inventory: Boots,https://www.minecraft.net/zh-hans/article/taking-inventory--boots,背包盘点：靴子,https://www.mcbbs.net/thread-928925-1-1.html,1073223,1,insider:ti
2019/11/24,Let's Play: Advanced Dragons,https://www.minecraft.net/zh-hans/article/let-s-play--advanced-dragons,一起玩吧：高等巨龙,https://www.mcbbs.net/thread-933770-1-1.html,1196990,1,insider
2019/11/21,Curious Castles,https://www.minecraft.net/zh-hans/article/curious-castles,奇妙城堡,https://www.mcbbs.net/thread-931971-1-1.html,579717,1,culture
2019/11/20,Craft colorfully with dyes,https://www.minecraft.net/zh-hans/article/craft-colourfully-dyes,用染料创造多彩世界,https://www.mcbbs.net/thread-930786-1-1.html,2937866,1,culture
2019/11/18,Honey Block Heroes,https://www.minecraft.net/zh-hans/article/honey-block-machines,蜂蜜块机器,https://www.mcbbs.net/thread-928999-1-1.html,1073223,1,culture
2019/11/18,How to craft furniture,https://www.minecraft.net/en-us/article/making-fantastic-home-furniture-,如何制造家具,https://www.mcbbs.net/thread-931692-1-1.html,1073223,1,culture
2019/11/13,Taking Inventory: Explorer Map,https://www.minecraft.net/zh-hans/article/taking-inventory--explorer-map,背包盘点：探险家地图,https://www.mcbbs.net/thread-926162-1-1.html,1810010,1,insider:ti
2019/11/09,My Minecraft Earth Diary,https://www.minecraft.net/zh-hans/article/my-minecraft-earth-diary,《我的世界：地球》体验日志,https://www.mcbbs.net/thread-980401-1-1.html,2419486,0,insider
2019/11/08,Ask Mojang Episode #4,https://www.minecraft.net/zh-hans/article/ask-mojang-episode--4,《Mojang你问我答》第四期,https://www.mcbbs.net/thread-929085-1-1.html,10240,1,insider
2019/11/08,Taking Inventory: Grass,https://www.minecraft.net/zh-hans/article/taking-inventory--grass,背包盘点：草,https://www.mcbbs.net/thread-925587-1-1.html,1810010,1,insider:ti
2019/11/06,Best Community Skins: October,https://www.minecraft.net/zh-hans/article/best-community-skins--october,十月社区最棒的皮肤,https://www.mcbbs.net/thread-925372-1-1.html,1666555,0,culture
2019/11/02,Bonsai Biomes,https://www.minecraft.net/zh-hans/article/bonsai-biomes,群系盆景,https://www.mcbbs.net/thread-925002-1-1.html,1810010,1,culture
2019/11/01,Taking Inventory: Flint,https://www.minecraft.net/zh-hans/article/taking-inventory--flint,背包盘点：燧石,https://www.mcbbs.net/thread-920062-1-1.html,1810010,0,insider:ti
2019/10/31,10 Things You Didn’t Know About the Nether,https://www.minecraft.net/zh-hans/article/10-things-you-didn-t-know-about-the-nether,十件你或许不知的事情：下界,https://www.mcbbs.net/thread-984595-1-1.html,3017106,0,insider
2019/10/30,Minecraft Dungeons Diaries: Origins,https://www.minecraft.net/zh-hans/article/minecraft-dungeons-diaries--origins,《Minecraft 地下城》开发日志：起源,https://www.mcbbs.net/thread-925711-1-1.html,10240,1,insider
2019/10/27,How to make great renders,https://www.minecraft.net/zh-hans/article/how-make-great-renders,如何制作棒棒的渲染图,https://www.mcbbs.net/thread-924114-1-1.html,1073223,0,insider
2019/10/24,Taking Inventory: Coral,https://www.minecraft.net/zh-hans/article/taking-inventory--coral,背包盘点：珊瑚,https://www.mcbbs.net/thread-922052-1-1.html,2444378,1,insider:ti
2019/10/22,Halloween Costumes,https://www.minecraft.net/zh-hans/article/halloween-costumes,万圣节戏服,https://www.mcbbs.net/thread-924095-1-1.html,1073223,1,insider
2019/10/22,"Stop mining, stop crafting!",https://www.minecraft.net/zh-hans/article/stop-mining--stop-crafting-,破坏与合成禁止的世界,https://www.mcbbs.net/thread-925302-1-1.html,564032,1,culture
2019/10/20,Meet a Minecrafter: Blockworks’ James Delaney,https://www.minecraft.net/zh-hans/article/meet-minecrafter--blockworks--james-delaney,-,-,-,0,insider
2019/10/19,Meet the Hoglin,https://www.minecraft.net/zh-hans/article/meet-hoglin,遇见疣猪兽,https://www.mcbbs.net/thread-954373-1-1.html,1965676,1,insider:meet
2019/10/18,Taking Inventory: Emerald,https://www.minecraft.net/zh-hans/article/taking-inventory--emerald,背包盘点：绿宝石,https://www.mcbbs.net/thread-921133-1-1.html,10240,1,insider:ti
2019/10/12,Visit the Nether!,https://www.minecraft.net/zh-hans/article/visit-nether-,下界旅行！,https://www.mcbbs.net/thread-920252-1-1.html,1196990,1,insider
2019/10/11,Taking Inventory: Brewing Stand,https://www.minecraft.net/zh-hans/article/taking-inventory--brewing-stand,背包盘点：酿造台,https://www.mcbbs.net/thread-919741-1-1.html,1073223,1,insider:ti
2019/10/11,10 Things You Didn't Know about Blocks,https://www.minecraft.net/zh-hans/article/10-things-you-didn-t-know-about-blocks,-,-,-,0,insider
2019/10/08,Best Community Skins: September,https://www.minecraft.net/zh-hans/article/best-community-skins--september,九月社区最棒的皮肤,https://www.mcbbs.net/thread-919913-1-1.html,1666555,0,culture
2019/10/04,Taking Inventory: Boat,https://www.minecraft.net/zh-hans/article/taking-inventory--boat,背包盘点：船,https://www.mcbbs.net/thread-918200-1-1.html,1810010,0,insider:ti
2019/10/04,How to Make Great Traps,https://www.minecraft.net/zh-hans/article/how-create-traps-,狡猾的陷阱大师,https://www.mcbbs.net/thread-919370-1-1.html,1810010,0,culture
2019/10/03,Fantastic Fish,https://www.minecraft.net/zh-hans/article/fantastic-fish,奇异的鱼,https://www.mcbbs.net/thread-932891-1-1.html,579717,1,culture
2019/9/20,Taking Inventory: Shears,https://www.minecraft.net/zh-hans/article/taking-inventory--shears,背包盘点：剪刀,https://www.mcbbs.net/thread-914649-1-1.html,10240,1,insider:ti
2019/9/20,Meet four Minecrafters: MINECON Hosts!,https://www.minecraft.net/zh-hans/article/meet-four-minecrafters--minecon-hosts-,-,-,-,0,insider
2019/9/20,How to Speed Bridge!,https://www.minecraft.net/zh-hans/article/how-speed-bridge-,如何快搭,https://www.mcbbs.net/thread-916246-1-1.html,1073223,1,culture
2019/9/14,How to build hidden doors,https://www.minecraft.net/zh-hans/article/how-build-hidden-doors,如何建造隐藏门,https://www.mcbbs.net/thread-917775-1-1.html,10240,1,culture
2019/9/13,Taking Inventory: Allium,https://www.minecraft.net/zh-hans/article/taking-inventory--allium,背包盘点：绒球葱,https://www.mcbbs.net/thread-913345-1-1.html,2444378,1,insider:ti
2019/9/13,New on Java Realms: Potato Games and Animated Frames,https://www.minecraft.net/zh-hans/article/new-java-realms--potato-games-and-animated-frames,不收录,不收录,-,0,insider
2019/9/13,Best Community Skins: August,https://www.minecraft.net/zh-hans/article/best-community-skins--august,八月社区最好的皮肤,https://www.mcbbs.net/thread-981382-1-1.html,1810010,0,culture
2019/9/07,Message from the Stars,https://www.minecraft.net/zh-hans/article/message-stars,星间预警,https://www.mcbbs.net/thread-916259-1-1.html,1073223,1,culture
2019/9/06,Taking Inventory: Minecart,https://www.minecraft.net/zh-hans/article/taking-inventory--minecart,背包盘点：矿车,https://www.mcbbs.net/thread-911757-1-1.html,10240,1,insider:ti
2019/9/02,Which Writer is the Most Hardcore: Part 2,https://www.minecraft.net/zh-hans/article/which-writer-most-hardcore--part-2,哪位官博小编最为硬核：第二部分,https://www.mcbbs.net/thread-911094-1-1.html,2444378,1,insider
2019/8/30,10 Things You Didn’t Know About Passive/Neutral Mobs,https://www.minecraft.net/zh-hans/article/10-things-you-didn-t-know-about-passive-neutral-mobs,-,-,-,0,insider
2019/8/27,Taking Inventory: Vines,https://www.minecraft.net/zh-hans/article/taking-inventory--vines,背包盘点：藤蔓,https://www.mcbbs.net/thread-909004-1-1.html,2444378,1,insider:ti
2019/8/24,Which Minecraft.net Writer is the Most Hardcore?,https://www.minecraft.net/zh-hans/article/which-minecraft-net-writer-most-hardcore-,哪位官博小编最为硬核？,https://www.mcbbs.net/thread-907724-1-1.html,2444378,1,insider
2019/8/22,Taking Inventory: Cookie,https://www.minecraft.net/zh-hans/article/taking-inventory--cookie,背包盘点：曲奇,https://www.mcbbs.net/thread-906833-1-1.html,10240,1,insider:ti
2019/8/17,In deep waters,https://www.minecraft.net/zh-hans/article/in-deep-waters,深海之中,https://www.mcbbs.net/thread-912346-1-1.html,1666555,1,culture
2019/8/15,Taking Inventory: Compass,https://www.minecraft.net/zh-hans/article/taking-inventory--compass,背包盘点：指南针,https://www.mcbbs.net/thread-903295-1-1.html,10240,1,insider:ti
2019/8/11,10 Things You Didn't Know about Hostile Mobs,https://www.minecraft.net/zh-hans/article/10-things-you-probably-didn-t-know-about-hostile-mobs-,十件你或许不知道的那些事：关于敌对生物！?,https://www.mcbbs.net/thread-902609-1-1.html,10240,1,insider
2019/8/10,Taking Inventory: Milk Bucket,https://www.minecraft.net/en-us/article/taking-inventory--milk-bucket,背包盘点: 牛奶桶,https://www.mcbbs.net/thread-901535-1-1.html,1694714,0,insider:ti
2019/8/8,Give us your Minecraft Feedback,https://www.minecraft.net/zh-hans/article/give-us-your-minecraft-feedback,将你的Minecraft反馈发给我们,https://www.mcbbs.net/thread-899381-1-1.html,1666555,0,insider
2019/8/7,Quantics Build,https://www.minecraft.net/zh-hans/article/quantic-builds,Quantics建筑团队,https://www.mcbbs.net/thread-900014-1-1.html,10240,1,culture
2019/8/3,Best Community Skins: July,https://www.minecraft.net/zh-hans/article/dress-impress,七月社区最棒的皮肤,https://www.mcbbs.net/thread-912749-1-1.html,1666555,0,culture
2019/8/2,Taking Inventory: Phantom Membrane,https://www.minecraft.net/zh-hans/article/taking-inventory--phantom-membrane,背包盘点: 幻翼膜,https://www.mcbbs.net/thread-895821-1-1.html,1694714,0,insider:ti
2019/8/1,A Step in the Wrong Direction,https://www.minecraft.net/zh-hans/article/a-step-wrong-direction,跑偏的楼梯,https://www.mcbbs.net/thread-896988-1-1.html,1196990,1,culture
2019/7/31,Bug Us About Bugs,https://www.minecraft.net/zh-hans/article/bug-us-about-bugs,拿Bug叨扰我们吧,https://www.mcbbs.net/thread-894766-1-1.html,10240,1,insider
2019/7/25,Taking Inventory: Shield,https://www.minecraft.net/zh-hans/article/taking-inventory--shield,背包盘点：盾牌,https://www.mcbbs.net/thread-891709-1-1.html,2444378,1,insider:ti
2019/7/24,Tireless Traveller,https://www.minecraft.net/zh-hans/article/tireless-traveller,不知疲倦的旅行者,https://www.mcbbs.net/thread-930332-1-1.html,1073223,1,culture
2019/7/22,Taking Inventory: Iron Ingot,https://www.minecraft.net/zh-hans/article/taking-inventory--iron-ignot,背包盘点：铁锭,https://www.mcbbs.net/thread-888649-1-1.html,10240,1,insider:ti
2019/7/20,How to speedrun Minecraft,https://www.minecraft.net/zh-hans/article/how-speedrun-minecraft,-,-,-,0,culture
2019/7/13,Old Town Roads,https://www.minecraft.net/zh-hans/article/old-town-roads,老城路,https://www.mcbbs.net/thread-976246-1-1.html,2140160,0,culture
2019/7/12,Taking Inventory: Dandelion,https://www.minecraft.net/zh-hans/article/taking-inventory--dandelion,背包盘点：蒲公英,https://www.mcbbs.net/thread-884891-1-1.html,2444378,1,insider:ti
2019/7/6,Sky Factory 4,https://www.minecraft.net/zh-hans/article/sky-factory-4,天空工厂4,https://www.mcbbs.net/thread-885074-1-1.html,2039173,0,culture
2019/7/5,Taking Inventory: Bed,https://www.minecraft.net/zh-hans/article/taking-inventory--bed,背包盘点：床,https://www.mcbbs.net/thread-881583-1-1.html,2444378,1,insider:ti
2019/6/29,4D Minecraft Map,https://www.minecraft.net/zh-hans/article/4d-minecraft-map,4D空间的地图作品,https://www.mcbbs.net/thread-879352-1-1.html,1633009,0,culture
2019/6/27,Make friends (and enemies) with flowers!,https://www.minecraft.net/zh-hans/article/make-friends--and-enemies--flowers-,用鲜花儿结交朋友（与敌手）,https://www.mcbbs.net/thread-965155-1-1.html,1405557,1,insider
2019/6/27,Taking Inventory: Hoe,https://www.minecraft.net/zh-hans/article/taking-inventory--hoe,背包盘点：锄,https://www.mcbbs.net/thread-878016-1-1.html,1666555,1,insider:ti
2019/6/22,Which Villager Wore it Best?,https://www.minecraft.net/zh-hans/article/which-villager-wore-it-best-,哪位村民衣装最棒？,https://www.mcbbs.net/thread-879738-1-1.html,10240,1,insider
2019/6/21,Taking Inventory: Gunpowder,https://www.minecraft.net/zh-hans/article/taking-inventory--gunpowder,背包盘点：火药,https://www.mcbbs.net/thread-875797-1-1.html,10240,1,insider:ti
2019/6/20,Meet the creators of MC:T1,https://www.minecraft.net/zh-hans/article/meet-creators-mc-t1,-,-,-,0,insider
2019/6/19,Abbey Days,https://www.minecraft.net/zh-hans/article/abbey-days,修道院日,https://www.mcbbs.net/thread-878839-1-1.html,1657001,0,culture
2019/6/12,Taking Inventory: Seagrass,https://www.minecraft.net/zh-hans/article/taking-inventory--seagrass,背包盘点：海草,https://www.mcbbs.net/thread-874038-1-1.html,1666555,0,insider:ti
2019/6/6,10 Things You Didn't Know About Minecraft,https://www.minecraft.net/zh-hans/article/10-things-you-didn-t-know-about-minecraft,十个你不知道关于Minecraft的东西,https://www.mcbbs.net/thread-872265-1-1.html,2233140,1,insider
2019/5/31,Taking Inventory: Horse Armor,https://www.minecraft.net/zh-hans/article/taking-inventory--horse-armor,背包盘点：马铠,https://www.mcbbs.net/thread-871141-1-1.html,1666555,0,insider:ti
2019/5/29,Team Effort,https://www.minecraft.net/zh-hans/article/team-effort,团队的努力,https://www.mcbbs.net/thread-869604-1-1.html,2603114,1,culture
2019/5/24,Taking Inventory: Tulip,https://www.minecraft.net/zh-hans/article/taking-inventory--tulip,背包盘点：郁金香,https://www.mcbbs.net/thread-868387-1-1.html,2603114,1,insider:ti
2019/5/23,10 Year Anniversary Wrap-Up,https://www.minecraft.net/zh-hans/article/10-year-anniversary-wrap-up,-,-,-,0,insider
2019/5/22,Every Day a Holiday!,https://www.minecraft.net/zh-hans/article/every-day-holiday-,每天都是一个节日,https://www.mcbbs.net/thread-868133-1-1.html,2039173,0,culture
2019/6/9,A Game of Redstones,https://www.minecraft.net/zh-hans/article/a-game-redstones,红龙游戏,https://www.mcbbs.net/thread-865767-1-1.html,1666555,1,culture
2019/5/19,Your Minecraft Memories,https://www.minecraft.net/zh-hans/article/your-minecraft-memories,你的 Minecraft 记忆,https://www.mcbbs.net/thread-866980-1-1.html,1196990,1,insider
2019/5/11,Meet the Ravager,https://www.minecraft.net/zh-hans/article/meet-ravager,遇见劫掠兽,https://www.mcbbs.net/thread-864821-1-1.html,2444378,1,insider:meet
2019/5/9,Taking Inventory: Lapis Lazuli,https://www.minecraft.net/zh-hans/article/taking-inventory--lapis-lazuli,背包盘点：青金石,https://www.mcbbs.net/thread-864275-1-1.html,2603114,1,insider:ti
2019/5/4,Valiant Villagers are victorious,https://www.minecraft.net/zh-hans/article/valiant-villagers-are-victorious,英勇的村民获胜了！,https://www.mcbbs.net/thread-863395-1-1.html,1196990,1,insider
2019/5/3,Taking Inventory: Rabbit's Foot,https://www.minecraft.net/zh-hans/article/taking-inventory--rabbit-s-foot,背包盘点：兔子脚,https://www.mcbbs.net/thread-863115-1-1.html,1196990,1,insider:ti
2019/4/27,Air Traffic,https://www.minecraft.net/zh-hans/article/air-traffic,上天去吧！,https://www.mcbbs.net/thread-939966-1-1.html,1810010,1,culture
2019/4/25,Taking Inventory: Bowl,https://www.minecraft.net/zh-hans/article/taking-inventory--bowl,背包盘点：碗,https://www.mcbbs.net/thread-969374-1-1.html,710691,1,insider:ti
2019/4/19,Taking Inventory: Egg,https://www.minecraft.net/zh-hans/article/taking-inventory--egg,背包盘点：鸡蛋,https://www.mcbbs.net/thread-968431-1-1.html,710691,1,insider:ti
2019/4/18,Industrial Insect,https://www.minecraft.net/zh-hans/article/industrial-insect,机械昆虫,https://www.mcbbs.net/thread-911730-1-1.html,10240,1,culture
2019/4/15,Meet the Pillagers,https://www.minecraft.net/zh-hans/article/meet-pillagers,聊聊掠夺者,https://www.mcbbs.net/thread-858655-1-1.html,1196990,1,insider:meet
2019/4/12,Taking Inventory: Sword,https://www.minecraft.net/zh-hans/article/taking-inventory--sword,背包盘点：剑,https://www.mcbbs.net/thread-857878-1-1.html,1196990,1,insider:ti
2019/4/11,Seize the Skies,https://www.minecraft.net/zh-hans/article/seize-skies,抓住天空,https://www.mcbbs.net/thread-980344-1-1.html,2790070,0,culture
2019/4/6,Remembering Pendar2,https://www.minecraft.net/zh-hans/article/remembering-pendar2,追忆 Pendar2,https://www.mcbbs.net/thread-856212-1-1.html,211532,0,culture
2019/4/5,Taking Inventory: Seeds,https://www.minecraft.net/zh-hans/article/taking-inventory--seeds,背包盘点：种子,https://www.mcbbs.net/thread-857771-1-1.html,1666555,0,insider:ti
2019/4/2,Colossal Carving,https://www.minecraft.net/zh-hans/article/colossal-carving,宏伟的雕刻艺术,https://www.mcbbs.net/thread-983771-1-1.html,1286708,0,culture
2019/3/29,Taking Inventory: Rails,https://www.minecraft.net/zh-hans/article/taking-inventory--rails,背包盘点：铁轨,https://www.mcbbs.net/thread-853796-1-1.html,1196990,1,insider:ti
2019/4/2,Meet the Wandering Trader,https://www.minecraft.net/zh-hans/article/meet-wandering-trader,认识流浪的商人,https://www.mcbbs.net/thread-899177-1-1.html,645182,1,insider:meet
2019/3/22,Taking Inventory: Water Bottle,https://www.minecraft.net/zh-hans/article/taking-inventory--water-bottle,背包盘点：水瓶,https://www.mcbbs.net/thread-898896-1-1.html,1633009,0,insider:ti
2019/3/21,Dragon Spawn,https://www.minecraft.net/zh-hans/article/dragon-spawn,龙诞,https://www.mcbbs.net/thread-854099-1-1.html,1196990,1,culture
2019/3/15,Taking Inventory: Name Tag,https://www.minecraft.net/zh-hans/article/taking-inventory--name-tag,背包盘点：命名牌,https://www.mcbbs.net/thread-850945-1-1.html,10240,1,insider:ti
2019/3/15,Fantastic Furniture,https://www.minecraft.net/zh-hans/article/fantastic-furniture,奇妙家具,https://www.mcbbs.net/thread-980341-1-1.html,2790070,0,culture
2019/3/11,Meet a Minecrafter: Cory Scheviak,https://www.minecraft.net/zh-hans/article/meet-minecrafter--cory-scheviak,与Minecrafter面对面：CORY SCHEVIAK,https://www.mcbbs.net/thread-850521-1-1.html,10240,1,insider
2019/4/4,Drink Up?,https://www.minecraft.net/zh-hans/article/drink-up-,畅饮一杯？,https://www.mcbbs.net/thread-852184-1-1.html,10240,0,insider
2019/3/11,Taking Inventory: Snowball,https://www.minecraft.net/zh-hans/article/taking-inventory--snowball,背包盘点：雪球,https://www.mcbbs.net/thread-849796-1-1.html,10240,1,insider:ti
2019/3/7,"Sun, Sea and Sandstone",https://www.minecraft.net/zh-hans/article/sun--sea-and-sandstone,阳光，大海和砂岩,https://www.mcbbs.net/thread-889652-1-1.html,10240,1,culture
2019/3/14,Virtual Unreality,https://www.minecraft.net/zh-hans/article/virtual-insanity,疯狂幻境,https://www.mcbbs.net/thread-853834-1-1.html,1196990,0,culture
2019/3/4,Taking Inventory: Feather,https://www.minecraft.net/zh-hans/article/taking-inventory--feather,背包盘点：羽毛,https://www.mcbbs.net/thread-848247-1-1.html,10240,1,insider:ti
2019/2/21,Taking Inventory: Diamond,https://www.minecraft.net/zh-hans/article/taking-inventory--diamond,背包盘点：钻石,https://www.mcbbs.net/thread-847084-1-1.html,10240,1,insider:ti
2019/2/20,Streets Ahead,https://www.minecraft.net/zh-hans/article/streets-ahead,道路向前延伸,https://www.mcbbs.net/thread-979457-1-1.html,2790070,0,culture
2019/2/20,Terrific Tools,https://www.minecraft.net/zh-hans/article/terrific-tools,绝妙的工具,https://www.mcbbs.net/thread-847463-1-1.html,10240,1,culture
2019/2/19,Taking Inventory: Leggings,https://www.minecraft.net/zh-hans/article/taking-inventory-leggings,背包盘点：护腿,https://www.mcbbs.net/thread-845908-1-1.html,10240,1,insider:ti
2019/2/19,Kiel Cathedral,https://www.minecraft.net/zh-hans/article/kiel-cathedral,基尔大教堂,https://www.mcbbs.net/thread-934406-1-1.html,1073223,1,culture
2019/2/18,Is Minecraft romantic enough?,https://www.minecraft.net/zh-hans/article/minecraft-romantic-enough,Minecraft够浪漫吗？,https://www.mcbbs.net/thread-845276-1-1.html,10240,1,insider
2019/2/9,A nation crafted,https://minecraft.net/zh-hans/article/nation-crafted,一个精心打造的国家,https://www.mcbbs.net/thread-934454-1-1.html,1073223,1,culture
2019/2/8,Taking Inventory: Oxeye Daisy,https://minecraft.net/zh-hans/article/taking-inventory-oxeye-daisy,背包盘点：滨菊,https://www.mcbbs.net/thread-843615-1-1.html,10240,1,insider:ti
2019/2/7,Screenshotting Guide,https://minecraft.net/zh-hans/article/screenshotting-guide,截图指南,https://www.mcbbs.net/thread-679265-1-1.html,1350847,1,insider
2019/2/4,Our Marketplace Picks: January 2019,https://minecraft.net/zh-hans/article/our-marketplace-picks-january-2019,-,-,-,0,insider
2019/2/2,Which Mob Makes the Best Pet?,https://minecraft.net/zh-hans/article/which-mob-makes-best-pet-0,养只宠物，选谁最棒？,https://www.mcbbs.net/thread-843161-1-1.html,10240,0,insider
2019/2/1,Taking Inventory: Spider Eye,https://minecraft.net/zh-hans/article/taking-inventory-spider-eye,背包盘点：蜘蛛眼,https://www.mcbbs.net/thread-841925-1-1.html,10240,1,insider:ti
2019/1/29,Magnificent Mansion,https://minecraft.net/zh-hans/article/magnificent-mansion,-,-,-,0,culture
2019/1/26,Host a Dinner Party in Minecraft,https://minecraft.net/zh-hans/article/host-dinner-party-minecraft,在Minecraft里举办一场晚餐会,https://www.mcbbs.net/thread-840559-1-1.html,10240,1,insider
2019/1/25,Taking Inventory: Dead Bush,https://minecraft.net/zh-hans/article/taking-inventory-dead-bush,背包盘点：枯萎灌木,https://www.mcbbs.net/thread-839767-1-1.html,10240,1,insider:ti
2019/1/24,Meet a Minecrafter: Battleship Island,https://minecraft.net/zh-hans/article/meet-minecrafter-battleship-island,-,-,-,0,culture
2019/1/22,The Lost Temple,https://minecraft.net/zh-hans/article/lost-temple,失落庙宇,https://www.mcbbs.net/thread-936117-1-1.html,1073223,1,culture
2019/1/19,Life on Mars,https://minecraft.net/zh-hans/article/life-mars,火星上的生命,https://www.mcbbs.net/thread-937354-1-1.html,1073223,1,culture
2019/1/18,Taking Inventory: Painting,https://minecraft.net/zh-hans/article/taking-inventory-painting,背包盘点：画,https://www.mcbbs.net/thread-838354-1-1.html,10240,1,insider:ti
2019/1/12,Tranquil Towers,https://minecraft.net/zh-hans/article/tranquil-towers,宁静的塔楼,https://www.mcbbs.net/thread-968110-1-1.html,1405557,1,culture
2019/1/11,Taking Inventory: Fire Charge,https://minecraft.net/zh-hans/article/taking-inventory-fire-charge,背包盘点：火焰弹,https://www.mcbbs.net/thread-838286-1-1.html,10240,1,insider:ti
2019/1/11,"New Year, New Builds!",https://minecraft.net/zh-hans/article/new-year-new-builds,-,-,-,0,insider
2019/1/5,Underwater Palace,https://minecraft.net/zh-hans/article/underwater-palace,水下宫殿,https://www.mcbbs.net/thread-968214-1-1.html,1405557,1,culture
2019/1/4,Taking Inventory: Ladder,https://minecraft.net/zh-hans/article/taking-inventory-ladder,背包盘点：梯子,https://www.mcbbs.net/thread-838252-1-1.html,10240,1,insider:ti
2019/1/4,Modern Houses,https://minecraft.net/zh-hans/article/modern-houses,现代住宅,https://www.mcbbs.net/thread-968096-1-1.html,1405557,1,culture
2018/12/29,Snowtacular Skins,https://minecraft.net/zh-hans/article/snowtacular-skins,寒装皮肤,https://www.mcbbs.net/thread-969131-1-1.html,1405557,1,culture
2018/12/21,Taking Inventory: Mushroom,https://minecraft.net/zh-hans/article/taking-inventory-mushroom,背包盘点：蘑菇,https://www.mcbbs.net/thread-838244-1-1.html,10240,1,insider:ti
2018/12/15,Hopeful Hive!,https://minecraft.net/zh-hans/article/hopeful-hive,希望之巢,https://www.mcbbs.net/thread-969134-1-1.html,1405557,1,culture
2018/12/14,Taking Inventory: Bucket,https://minecraft.net/zh-hans/article/taking-inventory-bucket,背包盘点：桶,https://www.mcbbs.net/thread-837649-1-1.html,10240,1,insider:ti
2018/12/10,Try the new Minecraft Textures,https://minecraft.net/zh-hans/article/try-new-minecraft-textures,Jappa独家专访：试玩新材质！,https://www.mcbbs.net/thread-828142-1-1.html,10240,1,insider
2018/12/8,Cinder(ella) Blocks,https://minecraft.net/zh-hans/article/cinderella-blocks,灰（姑娘）的方块,https://www.mcbbs.net/thread-969859-1-1.html,1405557,1,culture
2018/12/7,Taking Inventory: Ink Sac,https://minecraft.net/zh-hans/article/taking-inventory-ink-sac,背包盘点：墨囊,https://www.mcbbs.net/thread-837638-1-1.html,10240,1,insider:ti
2018/11/24,Reach For The Sky,https://minecraft.net/zh-hans/article/reach-sky,触及天空,https://www.mcbbs.net/thread-969862-1-1.html,1405557,1,culture
2018/11/23,Taking Inventory: Apple,https://minecraft.net/zh-hans/article/taking-inventory-apple,背包盘点：苹果,https://www.mcbbs.net/thread-831423-1-1.html,1480882,1,insider:ti
2018/11/17,The Sky is No Limit,https://minecraft.net/zh-hans/article/sky-no-limit,天空没有极限,https://www.mcbbs.net/thread-935779-1-1.html,1073223,1,culture
2018/11/16,Taking Inventory: Shovel,https://minecraft.net/zh-hans/article/taking-inventory-shovel,背包盘点：铲子,https://www.mcbbs.net/thread-830416-1-1.html,1480882,1,insider:ti
2018/11/10,Attack of Titans,https://minecraft.net/zh-hans/article/attack-titans,巨人入侵,https://www.mcbbs.net/thread-970658-1-1.html,1405557,1,culture
2018/11/9,Taking Inventory: Tripwire Hook,https://minecraft.net/zh-hans/article/taking-inventory-tripwire-hook,背包盘点：绊线钩,https://www.mcbbs.net/thread-829390-1-1.html,1142520,1,insider:ti
2018/11/6,Player Piano,https://minecraft.net/zh-hans/article/player-piano,建成钢琴,https://www.mcbbs.net/thread-970650-1-1.html,1405557,1,culture
2018/11/2,Taking Inventory: Sunflower,https://minecraft.net/zh-hans/article/taking-inventory-sunflower,背包盘点：向日葵,https://www.mcbbs.net/thread-827318-1-1.html,10240,1,insider:ti
2018/11/1,Our Marketplace Picks: October 2018,https://minecraft.net/zh-hans/article/our-marketplace-picks-october-2018,-,-,-,0,insider
2018/10/31,Spooktacular Squash,https://minecraft.net/zh-hans/article/spooktacular-squash,诡秘南瓜,https://www.mcbbs.net/thread-971230-1-1.html,1405557,1,culture
2018/10/27,Java Devs talk Village and Pillage!,https://minecraft.net/zh-hans/article/java-developers-talk-village-and-pillage,Java版开发者畅聊村庄与掠夺更新！,https://www.mcbbs.net/thread-826392-1-1.html,10240,0,insider
2018/10/26,Taking Inventory: Turtle Shell,https://minecraft.net/zh-hans/article/taking-inventory-turtle-shell,背包盘点：海龟壳,https://www.mcbbs.net/thread-826014-1-1.html,1142520,0,insider:ti
2018/10/22,A la Kart,https://minecraft.net/zh-hans/article/la-kart,A LA KART,https://www.mcbbs.net/thread-971238-1-1.html,1405557,1,culture
2018/10/20,Smalltown Boy,https://minecraft.net/zh-hans/article/smalltown-boy,小镇男孩,https://www.mcbbs.net/thread-971632-1-1.html,1405557,1,culture
2018/10/19,Taking Inventory: Trapdoor,https://minecraft.net/zh-hans/article/taking-inventory-trapdoor,背包盘点：活板门,https://www.mcbbs.net/thread-824576-1-1.html,2444378,0,insider:ti
2018/10/18,Coalchella: A Minecraft Music Festival,https://minecraft.net/zh-hans/article/coalchella-minecraft-music-festival,煤切拉：《我的世界》线上音乐节,https://www.mcbbs.net/thread-971837-1-1.html,1405557,1,culture
2018/10/12,Taking Inventory: Torch,https://minecraft.net/zh-hans/article/taking-inventory-torch,盘点背包：火把,https://www.mcbbs.net/thread-823615-1-1.html,10240,1,insider:ti
2018/10/9,Blockbeard,https://minecraft.net/zh-hans/article/blockbeard,大块头,https://www.mcbbs.net/thread-972485-1-1.html,1405557,1,culture
2018/10/5,Taking Inventory: Pickaxe,https://minecraft.net/zh-hans/article/taking-inventory-pickaxe,背包清点：镐,https://www.mcbbs.net/thread-822891-1-1.html,1073223,1,insider:ti
2018/10/4,Terrific Temple,https://minecraft.net/zh-hans/article/terrific-temple,绝赞寺庙,https://www.mcbbs.net/thread-972487-1-1.html,1405557,1,culture
2018/9/22,Fantastic Flying Machine,https://minecraft.net/zh-hans/article/fantastic-flying-machine,神奇的飞行器,https://www.mcbbs.net/thread-973402-1-1.html,1405557,1,culture
2018/9/21,A Most Sinister Structure,https://minecraft.net/zh-hans/article/most-sinister-structure-0,-,-,-,0,culture
2018/9/18,Vessel in a Vase,https://minecraft.net/zh-hans/article/vessel-vase,瓮中之舟,https://www.mcbbs.net/thread-824963-1-1.html,660537,1,culture
2018/9/15,Minecraft on Instagram!,https://minecraft.net/zh-hans/article/minecraft-instagram,-,-,-,0,insider
2018/9/14,Remaking History,https://minecraft.net/zh-hans/article/remaking-history,-,-,-,0,culture
2018/9/8,Standing Strong,https://minecraft.net/zh-hans/article/standing-strong,-,-,-,0,culture
2018/9/6,High-Tech Oasis,https://minecraft.net/zh-hans/article/high-tech-oasis,-,-,-,0,culture
2018/9/1,The Mountain and the Village,https://minecraft.net/zh-hans/article/mountain-and-village,山与村庄,https://www.mcbbs.net/thread-978639-1-1.html,2790070,0,culture
2018/8/25,Sunken Treasure,https://minecraft.net/zh-hans/article/sunken-treasure,沉没的宝藏,https://www.mcbbs.net/thread-981280-1-1.html,2790070,0,culture
2018/8/24,Soaring high,https://minecraft.net/zh-hans/article/soaring-high,-,-,-,0,culture
2018/8/21,Creepy Castle,https://minecraft.net/zh-hans/article/creepy-castle,-,-,-,0,culture
2018/8/17,Forgotten Depths,https://minecraft.net/zh-hans/article/forgotten-depths,-,-,-,0,culture
2018/8/16,Intricate Islands,https://minecraft.net/zh-hans/article/intricate-islands,错综复杂的岛屿,https://www.mcbbs.net/thread-817549-1-1.html,2054643,0,culture
2018/8/14,Medieval Marvel,https://minecraft.net/zh-hans/article/medieval-marvel,中世纪奇观,https://www.mcbbs.net/thread-973501-1-1.html,710691,1,culture
2018/8/11,Building Knowledge,https://minecraft.net/zh-hans/article/building-knowledge,建筑知识,https://www.mcbbs.net/thread-817440-1-1.html,2054643,0,culture
2018/8/11,Autumn Colours,https://minecraft.net/zh-hans/article/autumn-colours,-,-,-,0,culture
2018/8/8,We're Not Worthy,https://minecraft.net/zh-hans/article/were-not-worthy,-,-,-,0,culture
2018/8/4,On the right track,https://minecraft.net/zh-hans/article/right-track,回到正轨,https://www.mcbbs.net/thread-811884-1-1.html,1928226,1,culture
2018/8/3,City of Angels,https://minecraft.net/zh-hans/article/city-angels,-,-,-,0,culture
2018/8/2,Our Marketplace Picks: July 2018,https://minecraft.net/zh-hans/article/our-marketplace-picks-july-2018,-,-,-,0,insider
2018/8/1,Minecraft Snapshot 18w31a,https://minecraft.net/zh-hans/article/minecraft-snapshot-18w31a,不收录,不收录,-,0,insider
2018/8/1,Magical Music Box,https://minecraft.net/zh-hans/article/magical-music-box,-,-,-,0,culture
2018/7/28,Carving dragons,https://minecraft.net/zh-hans/article/carving-dragons,龙形雕刻,https://www.mcbbs.net/thread-976268-1-1.html,710691,0,culture
2018/7/27,Guardian Lion,https://minecraft.net/zh-hans/article/guardian-lion,-,-,-,0,culture
2018/7/24,Back to Nature,https://minecraft.net/zh-hans/article/back-nature,回归自然,https://www.mcbbs.net/thread-979868-1-1.html,710691,0,culture
2018/7/21,Fun with Fossils,https://minecraft.net/zh-hans/article/fun-fossils,-,-,-,0,culture
2018/7/17,Island Beneath the Mists,https://minecraft.net/zh-hans/article/island-beneath-mists,雾下小舟,https://www.mcbbs.net/thread-809682-1-1.html,1196990,0,culture
2018/7/15,World Cup Stadium,https://minecraft.net/zh-hans/article/world-cup-stadium-0,世界杯体育馆,https://www.mcbbs.net/thread-806355-1-1.html,1196990,0,culture
2018/7/14,Let's Play: Restaurant Simulator,https://minecraft.net/zh-hans/article/lets-play-restaurant-simulator,来玩吧：模拟餐厅,https://www.mcbbs.net/thread-805968-1-1.html,564032,0,culture
2018/7/12,Rumpelstiltskin's Castle,https://minecraft.net/zh-hans/article/rumpelstiltskins-castle,侏儒怪的宫殿,https://www.mcbbs.net/thread-805424-1-1.html,1699064,0,culture
2018/7/10,Pride and Palaces,https://minecraft.net/zh-hans/article/pride-and-palaces,骄傲与宫殿,https://www.mcbbs.net/thread-805073-1-1.html,564032,0,culture
2018/7/7,The Monthly Build Challenge,https://minecraft.net/zh-hans/article/monthly-build-challenge,-,-,-,0,culture
2018/7/7,Eternal Empire,https://minecraft.net/zh-hans/article/eternal-empire,-,-,-,0,culture
2018/7/5,Our Marketplace Picks: June 2018,https://minecraft.net/zh-hans/article/our-marketplace-picks-june-2018,-,-,-,0,insider
2018/7/4,Treemendous,https://minecraft.net/zh-hans/article/treemendous,巨大的树屋,https://www.mcbbs.net/thread-805960-1-1.html,1699064,0,culture
2018/7/2,DANGER: SCARY MOB SPOTTED IN SEAS!,https://minecraft.net/zh-hans/article/danger-scary-mob-spotted-seas,可怕的怪物出没于海！,https://www.mcbbs.net/thread-802750-1-1.html,1073223,1,insider
2018/6/30,Remarkable Rocket,https://minecraft.net/zh-hans/article/remarkable-rocket,-,-,-,0,culture
2018/6/29,Roman bathhouse,https://minecraft.net/zh-hans/article/roman-bathhouse,-,-,-,0,culture
2018/6/23,Steaming Ahead,https://minecraft.net/zh-hans/article/steaming-ahead,-,-,-,0,culture
2018/6/18,Ocean Cruising,https://minecraft.net/zh-hans/article/ocean-cruising,入海巡航,https://www.mcbbs.net/thread-983773-1-1.html,710691,0,culture
2018/6/17,To the Theme Park!,https://minecraft.net/zh-hans/article/theme-park,-,-,-,0,culture
2018/6/15,High Rise Society,https://minecraft.net/zh-hans/article/high-rise-society,高层社会,https://www.mcbbs.net/thread-973406-1-1.html,1405557,1,culture
2018/6/13,A Peaceful Place,https://minecraft.net/zh-hans/article/peaceful-place,-,-,-,0,culture
2018/6/13,Free Aquatic Quest map!,https://minecraft.net/zh-hans/article/find-free-aquatic-quest-map,-,-,-,0,culture
2018/6/10,Hologram Housing,https://minecraft.net/zh-hans/article/hologram-housing,-,-,-,0,culture
2018/6/7,BuildCon is back!,https://minecraft.net/zh-hans/article/buildcon-back,BuildCon回来了！?,https://www.mcbbs.net/thread-888166-1-1.html,1346893,0,culture
2018/6/5,Spectacular Sails,https://minecraft.net/zh-hans/article/spectacular-sails,艨艟巨舰,https://www.mcbbs.net/thread-912563-1-1.html,1810010,0,culture
2018/6/4,Our Marketplace Picks: May 2018,https://minecraft.net/zh-hans/article/our-marketplace-picks-may-2018,市场精选：2018年5月,https://www.mcbbs.net/thread-808188-1-1.html,245014,0,insider
2018/6/2,Futuristic Wonder,https://minecraft.net/zh-hans/article/futuristic-wonder,未来奇观,https://www.mcbbs.net/thread-889361-1-1.html,2039173,0,culture
2018/6/1,Block of the Week: Note Block,https://minecraft.net/zh-hans/article/block-week-note-block,本周方块：音符盒,http://www.mcbbs.net/thread-797287-1-1.html,1280406,0,insider:botw
2018/5/30,A Living City,https://minecraft.net/zh-hans/article/living-city,理想的未来之城,http://www.mcbbs.net/thread-797110-1-1.html,2082359,0,culture
2018/5/26,Travelling Town,https://minecraft.net/zh-hans/article/travelling-town,移动城市,http://www.mcbbs.net/thread-796735-1-1.html,2388361,0,culture
2018/5/24,T-Rexes Playing Poker,https://minecraft.net/zh-hans/article/t-rexes-playing-poker,-,-,-,0,culture
2018/5/23,Animal Activism,https://minecraft.net/zh-hans/article/animal-activism,-,-,-,0,culture
2018/5/19,Talking Dolphins,https://minecraft.net/zh-hans/article/talking-dolphins,跟海豚聊聊天,http://www.mcbbs.net/thread-796947-1-1.html,2082359,0,insider
2018/5/18,Block of the Week: Cobblestone,https://minecraft.net/zh-hans/article/block-week-cobblestone,本周方块：圆石,http://www.mcbbs.net/thread-795546-1-1.html,1480882,1,insider:botw
2018/5/17,Jade Empire,https://minecraft.net/zh-hans/article/jade-empire,-,-,-,0,culture
2018/5/15,Gateway to Gateux,https://minecraft.net/zh-hans/article/gateway-gateux,-,-,-,0,culture
2018/5/12,Let's Play: City Life,https://minecraft.net/zh-hans/article/lets-play-city-life,一起玩：城市生活,https://www.mcbbs.net/thread-929274-1-1.html,92880,0,culture
2018/5/11,Block of the Week: Dark Oak Wood,https://minecraft.net/zh-hans/article/block-week-dark-oak-wood,本周方块：深色橡木,http://www.mcbbs.net/thread-794894-1-1.html,266277,1,insider:botw
2018/5/8,Adventure Isles!,https://minecraft.net/zh-hans/article/adventure-isles,-,-,-,0,culture
2018/5/7,Beautiful Bugs,https://minecraft.net/zh-hans/article/beautiful-bugs,美丽的昆虫,http://www.mcbbs.net/thread-796665-1-1.html,1346893,0,culture
2018/5/4,Block of the Week: Stone,https://minecraft.net/zh-hans/article/block-week-stone,本周方块：石头,http://www.mcbbs.net/thread-793645-1-1.html,645182,1,insider:botw
2018/5/2,Our Marketplace Picks: April 2018,https://minecraft.net/zh-hans/article/our-marketplace-picks-april-2018,-,-,-,0,insider
2018/5/1,Marvellous Monastery,https://minecraft.net/zh-hans/article/marvellous-monastery,非凡修道院,https://www.mcbbs.net/thread-830611-1-1.html,1880210,0,culture
2018/4/28,Big City Life,https://minecraft.net/zh-hans/article/big-city-life,大城市的生活,https://www.mcbbs.net/thread-929056-1-1.html,92880,0,culture
2018/4/27,Block of the Week: Command Block,https://minecraft.net/zh-hans/article/block-week-command-block,本周方块：命令方块,http://www.mcbbs.net/thread-792335-1-1.html,266277,1,insider:botw
2018/4/23,Overture Build Team,https://minecraft.net/zh-hans/article/overture-build-team,-,-,-,0,culture
2018/4/22,Fishing for attention,https://minecraft.net/zh-hans/article/fishing-attention,-,-,-,0,culture
2018/4/20,Block of the Week: Glowstone,https://minecraft.net/zh-hans/article/block-week-glowstone,本周方块：荧石,http://www.mcbbs.net/thread-791531-1-1.html,1480882,1,insider:botw
2018/4/19,Meet the Dolphin,https://minecraft.net/zh-hans/article/meet-dolphin,遇见海豚,http://www.mcbbs.net/thread-791619-1-1.html,479737,1,insider:meet
2018/4/18,Help Minecraft Help the Oceans!,https://minecraft.net/zh-hans/article/help-minecraft-help-oceans,-,-,-,0,insider
2018/4/18,Totally Tropical,https://minecraft.net/zh-hans/article/totally-tropical,-,-,-,0,culture
2018/4/14,Stranded in Space,https://minecraft.net/zh-hans/article/stranded-space,搁浅深空,http://www.mcbbs.net/thread-793104-1-1.html,831959,0,insider
2018/4/13,Block of the Week: Diorite,https://minecraft.net/zh-hans/article/block-week-diorite,本周方块：闪长岩,https://www.mcbbs.net/thread-950013-1-1.html,1810010,1,insider:botw
2018/4/12,Pyramid Perfection,https://minecraft.net/zh-hans/article/pyramid-perfection,-,-,-,0,culture
2018/4/9,Charming Castles,https://minecraft.net/zh-hans/article/charming-castles,迷人的城堡,https://www.mcbbs.net/thread-817398-1-1.html,919836,0,culture
2018/4/8,Terraforming in Minecraft,https://minecraft.net/zh-hans/article/terraforming-minecraft,在Minecraft中创造地形,https://www.mcbbs.net/thread-861290-1-1.html,2603114,1,culture
2018/4/6,Block of the Week: Netherrack,https://minecraft.net/zh-hans/article/block-week-netherrack,本周方块：地狱岩,http://www.mcbbs.net/thread-790265-1-1.html,720449,0,insider:botw
2018/4/5,Mind-Blowing Builds,https://minecraft.net/zh-hans/article/mind-blowing-builds,-,-,-,0,culture
2018/4/1,Java Edition Textures Finally Perfected,https://minecraft.net/zh-hans/article/java-edition-textures-finally-perfected,Java版新默认材质终于做好了！,http://www.mcbbs.net/thread-789166-1-1.html,2444378,1,insider
2018/3/30,Block of the Week: Redstone Lamp,https://minecraft.net/zh-hans/article/block-week-redstone-lamp,本周方块：红石灯,http://www.mcbbs.net/thread-788890-1-1.html,266277,1,insider:botw
2018/3/29,Building Bridges,https://minecraft.net/zh-hans/article/building-bridges,桥梁建筑,http://www.mcbbs.net/thread-789640-1-1.html,1657001,0,culture
2018/3/27,Cyclone Designs,https://minecraft.net/zh-hans/article/cyclone-designs,-,-,-,0,culture
2018/3/24,Toya Story,https://minecraft.net/zh-hans/article/toya-story,-,-,-,0,insider
2018/3/23,Block of the Week: Gravel,https://minecraft.net/zh-hans/article/block-week-gravel,本周方块：砂砾,http://www.mcbbs.net/thread-788049-1-1.html,266277,1,insider:botw
2018/3/23,Sensational Sculptures,https://minecraft.net/zh-hans/article/sensational-sculptures,-,-,-,0,culture
2018/3/21,Colossal City!,https://minecraft.net/zh-hans/article/colossal-city,-,-,-,0,culture
2018/3/20,Five Gorgeous Gardens You Might Have Missed,https://minecraft.net/zh-hans/article/five-gorgeous-gardens-you-might-have-missed,-,-,-,0,culture
2018/3/20,Interstellar Snow Globe,https://minecraft.net/zh-hans/article/interstellar-snow-globe,星际雪景球,http://www.mcbbs.net/thread-789712-1-1.html,1978266,0,culture
2018/3/17,Everything Aquatic!,https://minecraft.net/zh-hans/article/everything-aquatic,-,-,-,0,insider
2018/3/16,Block of the Week: Dispenser,https://minecraft.net/zh-hans/article/block-week-dispenser,本周方块：发射器,http://www.mcbbs.net/thread-787169-1-1.html,10240,1,insider:botw
2018/3/14,Lunar Love,https://minecraft.net/zh-hans/article/lunar-love,月之情,http://www.mcbbs.net/thread-789035-1-1.html,1978266,0,culture
2018/3/12,Meet the Phantom,https://minecraft.net/zh-hans/article/meet-phantom,遇见幻影鳐,http://www.mcbbs.net/thread-786948-1-1.html,10240,0,insider:meet
2018/3/10,Picture Perfect,https://minecraft.net/zh-hans/article/picture-perfect,完美图片,http://www.mcbbs.net/thread-787539-1-1.html,1978266,0,culture
2018/3/9,Block of the Week: Concrete,https://minecraft.net/zh-hans/article/block-week-concrete,本周方块：混凝土,http://www.mcbbs.net/thread-786319-1-1.html,1480882,0,insider:botw
2018/3/9,Flying Through Frostfall,https://minecraft.net/zh-hans/article/flying-through-frostfall,-,-,-,0,insider
2018/3/8,Towering Temples,https://minecraft.net/zh-hans/article/towering-temples,峥嵘寺,http://www.mcbbs.net/thread-795739-1-1.html,1978266,0,culture
2018/3/6,How We Ruin-ed Minecraft,https://minecraft.net/zh-hans/article/how-we-ruin-ed-minecraft,-,-,-,0,insider
2018/3/3,Beyond the Sea,https://minecraft.net/zh-hans/article/beyond-sea,在大海那端,https://www.mcbbs.net/thread-801390-1-1.html,1978266,0,culture
2018/3/2,Block of the Week: Redstone,https://minecraft.net/zh-hans/article/block-week-redstone,本周方块：红石,http://www.mcbbs.net/thread-785537-1-1.html,479737,1,insider:botw
2018/3/1,Land of Soroku,https://minecraft.net/zh-hans/article/land-soroku,天空之城,https://www.mcbbs.net/thread-947718-1-1.html,479737,1,culture
2018/2/27,Dreaming Spires,https://minecraft.net/zh-hans/article/dreaming-spires,梦幻尖塔,https://www.mcbbs.net/thread-967837-1-1.html,2603114,1,culture
2018/2/26,Crafting A Creature,https://minecraft.net/zh-hans/article/crafting-creature,-,-,-,0,culture
2018/2/24,Pretty Polly Pixels,https://minecraft.net/zh-hans/article/pretty-polly-pixels,-,-,-,0,insider
2018/2/23,Block of the Week: Dirt,https://minecraft.net/zh-hans/article/block-week-dirt,本周方块：泥土,http://www.mcbbs.net/thread-784093-1-1.html,10240,1,insider:botw
2018/2/22,Six Beast Builds You Might Have Missed,https://minecraft.net/zh-hans/article/six-beast-builds-you-might-have-missed,-,-,-,0,culture
2018/2/20,Page Turner,https://minecraft.net/zh-hans/article/page-turner,翻书的人,https://www.mcbbs.net/thread-818138-1-1.html,463057,0,culture
2018/2/17,Java Devs Talk Update Aquatic,https://minecraft.net/zh-hans/article/java-devs-talk-update-aquatic,Java版开发者们畅聊水域更新,http://www.mcbbs.net/thread-782556-1-1.html,10240,0,insider
2018/2/17,Speedrunning Minecraft!,https://minecraft.net/zh-hans/article/speedrunning-minecraft,-,-,-,0,culture
2018/2/15,Block of the Week: Bedrock,https://minecraft.net/zh-hans/article/block-week-bedrock,本周方块：基岩,http://www.mcbbs.net/thread-782190-1-1.html,10240,1,insider:botw
2018/2/13,Fit for a King,https://minecraft.net/zh-hans/article/fit-king-0,-,-,-,0,culture
2018/2/13,Snake Temple,https://minecraft.net/zh-hans/article/snake-temple,-,-,-,0,culture
2018/2/11,ZigZag Resource Pack,https://minecraft.net/zh-hans/article/zigzag-resource-pack,-,-,-,0,culture
2018/2/9,Block of the Week: Nether Brick,https://minecraft.net/zh-hans/article/block-week-nether-brick,本周方块：地狱砖,http://www.mcbbs.net/thread-780591-1-1.html,479737,1,insider:botw
2018/2/9,Evergreen Villa,https://minecraft.net/zh-hans/article/evergreen-villa,-,-,-,0,culture
2018/2/7,Rollercoaster Paradise,https://minecraft.net/zh-hans/article/rollercoaster-paradise,过山车乐园,http://www.mcbbs.net/thread-780143-1-1.html,10240,0,culture
2018/2/7,Five Interior Builds You Might Have Missed!,https://minecraft.net/zh-hans/article/five-interior-builds-you-might-have-missed,-,-,-,0,culture
2018/2/6,Wild Thoughts,https://minecraft.net/zh-hans/article/wild-thoughts,-,-,-,0,culture
2018/2/3,Making a Horror Map in Minecraft,https://minecraft.net/zh-hans/article/making-horror-map-minecraft,-,-,-,0,culture
2018/2/3,Minecraft Helped Save A Forest!,https://minecraft.net/zh-hans/article/minecraft-helped-save-forest,-,-,-,0,culture
2018/2/2,Block of the Week: Crafting Table,https://minecraft.net/zh-hans/article/block-week-crafting-table,本周方块：工作台,http://www.mcbbs.net/thread-778731-1-1.html,479737,1,insider:botw
2018/2/1,Luxury Lair!,https://minecraft.net/zh-hans/article/luxury-lair,奢华的藏身处,https://www.mcbbs.net/thread-983588-1-1.html,710691,0,culture
2018/1/29,The Perfectionists at Polymaps,https://minecraft.net/zh-hans/article/perfectionists-polymaps,-,-,-,0,culture
2018/1/27,The Hangout Gardens,https://minecraft.net/zh-hans/article/hangout-gardens,-,-,-,0,culture
2018/1/26,Block of the Week: Acacia Wood,https://minecraft.net/zh-hans/article/block-week-acacia-wood,本周方块：金合欢木,http://www.mcbbs.net/thread-777150-1-1.html,10240,1,insider:botw
2018/1/26,Survive and Thrive,https://minecraft.net/zh-hans/article/survive-and-thrive,Survive and Thrive,http://www.mcbbs.net/thread-777971-1-1.html,549541,0,culture
2018/1/25,Always Building: Download the final map!,https://minecraft.net/zh-hans/article/always-building-download-final-map,Always Building: 下载最终版地图！,http://www.mcbbs.net/thread-776997-1-1.html,10240,1,culture
2018/1/20,Melody Maker,https://minecraft.net/zh-hans/article/melody-maker,-,-,-,0,culture
2018/1/19,Block of the Week: Glazed Terracotta,https://minecraft.net/zh-hans/article/block-week-glazed-terracotta,本周方块：带釉陶瓦,http://www.mcbbs.net/thread-775821-1-1.html,10240,1,insider:botw
2018/1/18,Complexcity,https://minecraft.net/zh-hans/article/complexcity,繁华之都,https://www.mcbbs.net/thread-979883-1-1.html,710691,0,culture
2018/1/17,Special Effect,https://minecraft.net/zh-hans/article/special-effect,-,-,-,0,culture
2018/1/17,Rotten Riches,https://minecraft.net/zh-hans/article/rotten-riches,-,-,-,0,culture
2018/1/13,Snowball fights and other delights!,https://minecraft.net/zh-hans/article/snowball-fights-and-other-delights,雪球大战和其他令人愉快之事！,http://www.mcbbs.net/thread-790851-1-1.html,831959,0,culture
2018/1/12,Block of the Week: Gold Ore,https://minecraft.net/zh-hans/article/block-week-gold-ore,本周方块：金矿石,http://www.mcbbs.net/thread-774970-1-1.html,1073223,1,insider:botw
2018/1/12,The Dark Mirror,https://minecraft.net/zh-hans/article/dark-mirror,暗面之镜,https://www.mcbbs.net/thread-970257-1-1.html,710691,1,culture
2018/1/11,The Golden Retreat,https://minecraft.net/zh-hans/article/golden-retreat,-,-,-,0,culture
2018/1/10,Gardens of the Eternal Fountain,https://minecraft.net/zh-hans/article/gardens-eternal-fountain,-,-,-,0,culture
2018/1/9,Setting Sail,https://minecraft.net/zh-hans/article/setting-sail,-,-,-,0,culture
2018/1/5,Block of the Week: Andesite,https://minecraft.net/zh-hans/article/block-week-andesite,本周方块：安山岩,http://www.mcbbs.net/thread-774210-1-1.html,10240,1,insider:botw
2018/1/3,Victorian Villas,https://minecraft.net/zh-hans/article/victorian-villas,维多利亚式别墅,https://www.mcbbs.net/thread-984103-1-1.html,710691,0,culture
2017/12/26,A New Mob Approaches,https://minecraft.net/zh-hans/article/new-mob-approaches,新的生物即将到来,http://www.mcbbs.net/thread-776581-1-1.html,10240,1,insider
2017/12/23,Happy Holidays!,https://minecraft.net/zh-hans/article/happy-holidays,假期快乐！,http://www.mcbbs.net/thread-777570-1-1.html,10240,1,insider
2017/12/23,Deck the Halls,https://minecraft.net/zh-hans/article/deck-halls,-,-,-,0,culture
2017/12/22,Block of the Week: Spruce Wood,https://minecraft.net/zh-hans/article/block-week-spruce-wood,本周方块：云杉,http://www.mcbbs.net/thread-772579-1-1.html,10240,1,insider:botw
2017/12/20,Always Building: NewRise,https://minecraft.net/zh-hans/article/always-building-newrise,Always Building: NewRise,http://www.mcbbs.net/thread-777230-1-1.html,10240,1,culture
2017/12/18,Dawnton Castle,https://minecraft.net/zh-hans/article/dawnton-castle,Dawnton城堡,https://www.mcbbs.net/thread-861592-1-1.html,2603114,0,culture
2017/12/17,Terrific Temples,https://minecraft.net/zh-hans/article/terrific-temples,-,-,-,0,culture
2017/12/16,Add-Ons: What's in a Name?,https://www.minecraft.net/zh-hans/article/add-ons-whats-name,Add-Ons：名字代表了什么？,https://www.mcbbs.net/thread-654919-1-1.html,266277,1,insider
2017/12/15,Block of the Week: Grass Path,https://minecraft.net/zh-hans/article/block-week-grass-path,本周方块：草径,http://www.mcbbs.net/thread-771909-1-1.html,10240,1,insider:botw
2017/12/12,Punky the Steampunk Dragon,https://minecraft.net/zh-hans/article/punky-steampunk-dragon,-,-,-,0,culture
2017/12/12,Mast-ery!,https://minecraft.net/zh-hans/article/mast-ery,-,-,-,0,culture
2017/12/9,Who Would You Choose?,https://minecraft.net/zh-hans/article/who-would-you-choose,你会选择谁？,http://www.mcbbs.net/thread-771513-1-1.html,1142520,1,insider
2017/12/8,Block of the Week: Coal Ore,https://minecraft.net/zh-hans/article/block-week-coal-ore,本周方块：煤矿石,http://www.mcbbs.net/thread-771273-1-1.html,479737,1,insider:botw
2017/12/6,Always Building: Deep Academy,https://minecraft.net/zh-hans/article/always-building-deep-academy,Always Building: Deep Academy,http://www.mcbbs.net/thread-777198-1-1.html,10240,1,culture
2017/12/5,Survival Stories,https://minecraft.net/zh-hans/article/survival-stories,生存的故事,http://www.mcbbs.net/thread-771050-1-1.html,1142520,0,culture
2017/12/1,Block of the Week: Stained Glass,https://minecraft.net/zh-hans/article/block-week-stained-glass,本周方块：染色玻璃,http://www.mcbbs.net/thread-770576-1-1.html,10240,1,insider:botw
2017/11/29,Bold Eagle,https://minecraft.net/zh-hans/article/bold-eagle,鹰击长空,https://www.mcbbs.net/thread-975405-1-1.html,710691,0,culture
2017/11/28,Mechanical Metropolis,https://minecraft.net/zh-hans/article/mechanical-metropolis,机械化的大都市,https://www.mcbbs.net/thread-975408-1-1.html,710691,0,culture
2017/11/28,Dark Harvest Keep,https://minecraft.net/zh-hans/article/dark-harvest-keep,-,-,-,0,culture
2017/11/25,Victorious Villa!,https://minecraft.net/zh-hans/article/victorious-villa,-,-,-,0,culture
2017/11/24,Block of the Week: Moss Stone,https://minecraft.net/zh-hans/article/block-week-moss-stone,本周方块：苔石,http://www.mcbbs.net/thread-769891-1-1.html,1142520,0,insider:botw
2017/11/23,Beastly Build,https://minecraft.net/zh-hans/article/beastly-build,野蛮的建筑,https://www.mcbbs.net/thread-922639-1-1.html,2910225,0,culture
2017/11/22,New on Marketplace: Sandspear Castle and Space Dinos,https://minecraft.net/zh-hans/article/new-marketplace-sandspear-castle-and-space-dinos,-,-,-,0,culture
2017/11/21,Always Building: Everbloom,https://minecraft.net/zh-hans/article/always-building-everbloom,Always Building: Everbloom,http://www.mcbbs.net/thread-777168-1-1.html,10240,1,culture
2017/11/21,Clockwork Krakens and Steampunk Dragons,https://minecraft.net/zh-hans/article/clockwork-krakens-and-steampunk-dragons,-,-,-,0,culture
2017/11/17,Block of the Week: Wool,https://minecraft.net/zh-hans/article/block-week-wool,本周方块：羊毛,http://www.mcbbs.net/thread-769396-1-1.html,645182,0,insider:botw
2017/11/16,Meet Mob D,https://minecraft.net/zh-hans/article/meet-mob-d,聊聊敌对生物D,http://www.mcbbs.net/thread-770053-1-1.html,1142520,0,insider:meet
2017/11/15,Meet Mob C,https://minecraft.net/zh-hans/article/meet-mob-c,聊聊敌对生物C,http://www.mcbbs.net/thread-770042-1-1.html,1142520,1,insider:meet
2017/11/14,Meet Mob B,https://minecraft.net/zh-hans/article/meet-mob-b,聊聊敌对生物B,http://www.mcbbs.net/thread-770035-1-1.html,1142520,1,insider:meet
2017/11/13,Meet Mob A,https://minecraft.net/zh-hans/article/meet-mob,聊聊敌对生物A,http://www.mcbbs.net/thread-769804-1-1.html,1142520,0,insider:meet
2017/11/10,Block of the Week: Observer,https://minecraft.net/zh-hans/article/block-week-observer,本周方块：侦测器,http://www.mcbbs.net/thread-768619-1-1.html,645182,1,insider:botw
2017/11/9,The Mevanian Palace,https://minecraft.net/zh-hans/article/mevanian-palace,-,-,-,0,culture
2017/11/9,Making RPGs in Minecraft!,https://minecraft.net/zh-hans/article/making-rpgs-minecraft,-,-,-,0,culture
2017/11/7,Go Below Bedrock in the New Story Mode Ep!,https://minecraft.net/zh-hans/article/go-below-bedrock-new-story-mode-ep,-,-,-,0,insider
2017/11/6,Meet the Elder Guardian,https://minecraft.net/zh-hans/article/meet-elder-guardian,聊聊远古守卫者,http://www.mcbbs.net/thread-775514-1-1.html,2443667,0,insider:meet
2017/11/6,Always Building: LinsCraft,https://minecraft.net/zh-hans/article/always-building-linscraft,Always Building: LinsCraft林氏创艺,http://www.mcbbs.net/thread-777103-1-1.html,10240,1,culture
2017/11/4,Mansioncraft!,https://minecraft.net/zh-hans/article/mansioncraft,-,-,-,0,culture
2017/11/3,Block of the Week: Sand,https://minecraft.net/zh-hans/article/block-week-sand,本周方块：沙子,http://www.mcbbs.net/thread-735064-1-1.html,645182,0,insider:botw
2017/11/2,Bear Necessities,https://minecraft.net/zh-hans/article/bear-necessities,-,-,-,0,culture
2017/10/30,The Oasis Of Al-Kabira,https://minecraft.net/zh-hans/article/oasis-al-kabira,-,-,-,0,culture
2017/10/28,Late: A Minecraft Horror Map,https://minecraft.net/zh-hans/article/late-minecraft-horror-map,LATE：一张Minecraft恐怖地图,http://www.mcbbs.net/thread-773575-1-1.html,564032,0,culture
2017/10/27,Block of the Week: Birch Wood,https://minecraft.net/zh-hans/article/block-week-birch-wood,本周方块：桦木,http://www.mcbbs.net/thread-734366-1-1.html,645182,0,insider:botw
2017/10/25,A Matter Of Life And Death,https://minecraft.net/zh-hans/article/matter-life-and-death,-,-,-,0,culture
2017/10/24,Portal Power,https://minecraft.net/zh-hans/article/portal-power,传送门之力,https://www.mcbbs.net/thread-945091-1-1.html,266277,1,culture
2017/10/21,Tourist Trap,https://minecraft.net/zh-hans/article/tourist-trap,旅行者的陷阱,http://www.mcbbs.net/forum.php?mod=viewthread&tid=733582,1196990,0,culture
2017/10/20,Block of the Week: Diamond Ore,https://minecraft.net/zh-hans/article/block-week-diamond-ore,本周方块：钻石矿,http://www.mcbbs.net/thread-733453-1-1.html,645182,0,insider:botw
2017/10/20,Introducing: Always Building,https://minecraft.net/zh-hans/article/introducing-always-building,Always Building: 起点,http://www.mcbbs.net/thread-777084-1-1.html,10240,1,culture
2017/10/17,Witches Lab,https://minecraft.net/zh-hans/article/witches-lab,巫师的实验室,https://www.mcbbs.net/thread-941976-1-1.html,266277,1,culture
2017/10/14,Underwater Wonder,https://minecraft.net/zh-hans/article/underwater-wonder,水下奇景,http://www.mcbbs.net/thread-732873-1-1.html,645182,0,culture
2017/10/13,Block of the Week: Piston,https://minecraft.net/zh-hans/article/block-week-piston,本周方块：活塞,http://www.mcbbs.net/thread-732483-1-1.html,1480882,0,insider:botw
2017/10/11,Sandy Secrets,https://minecraft.net/zh-hans/article/sandy-secrets,-,-,-,0,culture
2017/10/10,Meet the Chicken Jockey,https://minecraft.net/zh-hans/article/meet-chicken-jockey,聊聊鸡骑士,http://www.mcbbs.net/thread-769591-1-1.html,919836,0,insider:meet
2017/10/8,Blade Stunner,https://minecraft.net/zh-hans/article/blade-stunner,-,-,-,0,culture
2017/10/6,Block of the Week: Grass,https://minecraft.net/zh-hans/article/block-week-grass,本周方块：草方块,http://www.mcbbs.net/thread-731801-1-1.html,479737,1,insider:botw
2017/10/3,Teplight’s Delights,https://minecraft.net/zh-hans/article/teplights-delights,Teplight 的欢愉,https://www.mcbbs.net/thread-983782-1-1.html,710691,0,culture
2017/10/2,Meet The Horse,https://minecraft.net/zh-hans/article/meet-horse,聊聊马,http://www.mcbbs.net/forum.php?mod=viewthread&tid=730895,1865543,0,insider:meet
2017/10/1,MINECON Earth Q&A,https://minecraft.net/zh-hans/article/minecon-earth-qa,MINECON Earth Q&A,http://www.mcbbs.net/thread-730923-1-1.html,1350847,0,insider
2017/9/30,Complete the Monument,https://minecraft.net/zh-hans/article/complete-monument,-,-,-,0,culture
2017/9/29,Block of the Week: Lava,https://minecraft.net/zh-hans/article/block-week-lava,本周方块：熔岩,http://www.mcbbs.net/thread-730243-1-1.html,1073223,1,insider:botw
2017/9/28,Cave Story,https://minecraft.net/zh-hans/article/cave-story,洞窟奇遇,https://www.mcbbs.net/thread-930858-1-1.html,1666555,0,culture
2017/9/27,Divine Renovation,https://minecraft.net/zh-hans/article/divine-renovation,-,-,-,0,culture
2017/9/26,Minimalist Master,https://minecraft.net/zh-hans/article/minimalist-master,-,-,-,0,culture
2017/9/25,Meet the Guardian,https://minecraft.net/zh-hans/article/meet-guardian,聊聊守卫者,http://www.mcbbs.net/forum.php?mod=viewthread&tid=729909,1350847,0,insider:meet
2017/9/23,Of Snowy Peaks and Craggy Cliffs,https://minecraft.net/zh-hans/article/snowy-peaks-and-craggy-cliffs,-,-,-,0,culture
2017/9/22,Block of the Week: Sea Lantern,https://minecraft.net/zh-hans/article/block-week-sea-lantern,本周方块：海晶灯,http://www.mcbbs.net/thread-729332-1-1.html,1073223,1,insider:botw
2017/9/20,Better Together FAQ,https://minecraft.net/zh-hans/article/better-together-faq,Minecraft 1.2 独乐不如众乐更新 FAQ,https://www.weibo.com/ttarticle/p/show?id=2309404154837167174847,0,1,insider
2017/9/19,Luscious Lands,https://minecraft.net/zh-hans/article/luscious-lands,-,-,-,0,culture
2017/9/18,Making Minecraft Hot Wheels!,https://minecraft.net/zh-hans/article/making-minecraft-hot-wheels,-,-,-,0,insider
2017/9/16,You made Better Together better than ever!,https://minecraft.net/zh-hans/article/you-made-better-together-better-ever,你让独乐不如众乐的制作变得更好了！,http://www.mcbbs.net/forum.php?mod=viewthread&tid=730886,1142520,1,insider
2017/9/16,Interior Motives,https://minecraft.net/zh-hans/article/interior-motives,室内设计,https://www.mcbbs.net/thread-982820-1-1.html,710691,0,culture
2017/9/15,Block of the Week: Furnace,https://minecraft.net/zh-hans/article/block-week-furnace,本周方块：熔炉,http://www.mcbbs.net/thread-728356-1-1.html,1073223,1,insider:botw
2017/9/13,Doom and Gloom,https://minecraft.net/zh-hans/article/doom-and-gloom,-,-,-,0,culture
2017/9/11,Crafting the Citadel,https://minecraft.net/zh-hans/article/crafting-citadel,-,-,-,0,culture
2017/9/8,Block of the Week: Bricks,https://minecraft.net/zh-hans/article/block-week-bricks,本周方块：砖块,http://www.mcbbs.net/thread-727516-1-1.html,1480882,1,insider:botw
2017/9/6,Escargot Home,https://minecraft.net/zh-hans/article/escargot-home,蜗居,http://www.mcbbs.net/forum.php?mod=viewthread&tid=733252,1071472,0,culture
2017/9/5,Meet the Cave Spider,https://minecraft.net/zh-hans/article/meet-cave-spider,聊聊洞穴蜘蛛,http://www.mcbbs.net/thread-727233-1-1.html,564032,0,insider:meet
2017/9/4,Monochromatic Marvel,https://minecraft.net/zh-hans/article/monochromatic-marvel,-,-,-,0,culture
2017/9/2,Safe Harbour,https://minecraft.net/zh-hans/article/safe-harbour,避风港,http://www.mcbbs.net/thread-726783-1-1.html,266277,1,culture
2017/9/1,Block of the Week: Podzol,https://minecraft.net/zh-hans/article/block-week-podzol,本周方块：灰化土,http://www.mcbbs.net/thread-726512-1-1.html,479737,1,insider:botw
2017/9/1,Mojang celebrates Pride 2017!,https://minecraft.net/zh-hans/article/mojang-celebrates-pride-2017,Mojang：骄傲游行2017,http://www.mcbbs.net/forum.php?mod=viewthread&tid=726822,2039173,1,insider
2017/8/30,Hire Education,https://minecraft.net/zh-hans/article/hire-education,-,-,-,0,culture
2017/8/28,Ship Shape,https://minecraft.net/zh-hans/article/ship-shape,井然有序的战舰,http://www.mcbbs.net/forum.php?mod=viewthread&tid=725856,564032,0,culture
2017/8/26,Spitting Image,https://minecraft.net/zh-hans/article/spitting-image,如出一辙,http://www.mcbbs.net/forum.php?mod=viewthread&tid=724883,564032,0,culture
2017/8/25,Block of the Week: Sandstone,https://minecraft.net/zh-hans/article/block-week-sandstone,本周方块：砂岩,http://www.mcbbs.net/thread-724662-1-1.html,564032,0,insider:botw
2017/8/24,Adorabuilds!,https://minecraft.net/zh-hans/article/adorabuilds,可爱的建筑！,http://www.mcbbs.net/forum.php?mod=viewthread&tid=724390,564032,0,culture
2017/8/22,Stone Skull Island,https://minecraft.net/zh-hans/article/stone-skull-island,石骷髅岛,http://www.mcbbs.net/thread-723827-1-1.html,2216381,0,culture
2017/8/21,Blocking Out Wonderland,https://minecraft.net/zh-hans/article/blocking-out-wonderland,-,-,-,0,insider
2017/8/19,To the Moon,https://minecraft.net/zh-hans/article/moon,飞往月球,http://www.mcbbs.net/forum.php?mod=viewthread&tid=722797,2216381,0,culture
2017/8/18,Block of the Week: Leaves,https://minecraft.net/zh-hans/article/block-week-leaves,每周方块：树叶,http://www.mcbbs.net/thread-722351-1-1.html,2216381,0,insider:botw
2017/8/16,Minecraft's Top 10 Bugs,https://minecraft.net/zh-hans/article/minecrafts-top-10-bugs,Minecraft的十大Bug,http://www.mcbbs.net/forum.php?mod=viewthread&tid=721707,479737,0,insider
2017/8/15,Mind your Manors,https://minecraft.net/zh-hans/article/mind-your-manors,规划你的庄园,http://www.mcbbs.net/forum.php?mod=viewthread&tid=721271,479737,0,culture
2017/8/14,Meet the Husk,https://minecraft.net/zh-hans/article/meet-husk,聊聊尸壳,http://www.mcbbs.net/forum.php?mod=viewthread&tid=720573,564032,0,insider:meet
2017/8/12,Spooky Spires,https://minecraft.net/zh-hans/article/spooky-spires,幽灵似的尖顶,http://www.mcbbs.net/forum.php?mod=viewthread&tid=719840,564032,0,culture
2017/8/11,Block of the Week: TNT,https://minecraft.net/zh-hans/article/block-week-tnt-0,本周方块：TNT,http://www.mcbbs.net/thread-718875-1-1.html,1480882,0,insider:botw
2017/8/11,Meet the Mag’s Colourful Characters,https://minecraft.net/zh-hans/article/meet-mags-colourful-characters,-,-,-,0,insider
2017/8/9,Sapphire Ocean,https://minecraft.net/zh-hans/article/sapphire-ocean,蔚蓝之海,http://www.mcbbs.net/forum.php?mod=viewthread&tid=718101,2216381,0,culture
2017/8/7,Aotearoa Awaits!,https://minecraft.net/zh-hans/article/aotearoa-awaits,奥特亚罗瓦的守候,http://www.mcbbs.net/forum.php?mod=viewthread&tid=717551,479737,0,culture
2017/8/6,Ultimate Fantasy Fight,https://minecraft.net/zh-hans/article/ultimate-fantasy-fight,无限幻想之战,http://www.mcbbs.net/forum.php?mod=viewthread&tid=716473,2216381,0,culture
2017/8/5,Block of the Week: Bone,https://minecraft.net/zh-hans/article/block-week-bone,本周方块：骨块,http://www.mcbbs.net/thread-715731-1-1.html,1073223,1,insider:botw
2017/8/2,Fear Factor,https://minecraft.net/zh-hans/article/fear-factor,恐惧之因,http://www.mcbbs.net/thread-714427-1-1.html,479737,0,culture
2017/7/31,How to Get Into Minecraft Betas,https://minecraft.net/zh-hans/article/how-get-minecraft-betas,如何参与Beta测试,http://www.mcbbs.net/forum.php?mod=viewthread&tid=713882,479737,1,insider
2017/7/29,Haunted Hotel,https://minecraft.net/zh-hans/article/haunted-hotel,-,-,-,0,culture
2017/7/28,Block of the Week: Chest,https://minecraft.net/zh-hans/article/block-week-chest,本周方块：箱子,http://www.mcbbs.net/thread-712514-1-1.html,479737,0,insider:botw
2017/7/28,How to Stay Safe Online,https://minecraft.net/zh-hans/article/minecraft-multiplayer-server-safety,如何安全地多人联机,http://www.mcbbs.net/forum.php?mod=viewthread&tid=712431,564032,1,insider
2017/7/26,Living the High Life,https://minecraft.net/zh-hans/article/living-high-life,过高大上的生活,http://www.mcbbs.net/forum.php?mod=viewthread&tid=711784,564032,0,culture
2017/7/25,Castle Canyon,https://minecraft.net/zh-hans/article/castle-canyon,Canyon城堡,http://www.mcbbs.net/forum.php?mod=viewthread&tid=711334,564032,0,culture
2017/7/24,Roboto McExploro,https://minecraft.net/zh-hans/article/roboto-mcexploro,机器人的Minecraft历险,http://www.mcbbs.net/thread-710661-1-1.html,479737,0,culture
2017/7/22,Chasing Rainbows,https://minecraft.net/zh-hans/article/chasing-rainbows,追逐彩虹,http://www.mcbbs.net/thread-709719-1-1.html,564032,0,culture
2017/7/21,Block of the Week: Granite,https://minecraft.net/zh-hans/article/block-week-granite,本周方块：花岗岩,http://www.mcbbs.net/thread-709432-1-1.html,479737,1,insider:botw
2017/7/20,"So long, Earth!",https://minecraft.net/zh-hans/article/so-long-earth,再见了，地球,http://www.mcbbs.net/forum.php?mod=viewthread&tid=709053,564032,0,culture
2017/7/17,Meet the Vex,https://minecraft.net/zh-hans/article/meet-vex,聊聊恼鬼,http://www.mcbbs.net/thread-707728-1-1.html,479737,0,insider:meet
2017/7/15,Ten Rare Recipes,https://minecraft.net/zh-hans/article/ten-rare-recipes,十大神秘配方,http://www.mcbbs.net/thread-706918-1-1.html,266277,1,insider
2017/7/14,Block of the Week: Water,https://minecraft.net/zh-hans/article/block-week-water,本周方块：水,https://www.mcbbs.net/forum.php?mod=viewthread&tid=706406,564032,1,insider:botw
2017/7/13,Atlantis Discovered!,https://minecraft.net/zh-hans/article/atlantis-discovered,亚特兰蒂斯被发现了！,http://www.mcbbs.net/forum.php?mod=viewthread&tid=706082,479737,0,culture
2017/7/12,Mountain of Madness,https://minecraft.net/zh-hans/article/mountain-madness,疯狂山峰,http://www.mcbbs.net/thread-705894-1-1.html,479737,0,culture
2017/7/10,Towers of Power,https://minecraft.net/zh-hans/article/towers-power,力量之塔,http://www.mcbbs.net/forum.php?mod=viewthread&tid=705361,479737,0,culture
2017/7/8,Louvre craft,https://minecraft.net/zh-hans/article/louvre-craft,卢浮宫工艺,http://www.mcbbs.net/forum.php?mod=viewthread&tid=704665,564032,0,culture
2017/7/7,Block of the Week: Mushroom,https://minecraft.net/zh-hans/article/block-week-mushroom,本周方块：蘑菇,http://www.mcbbs.net/forum.php?mod=viewthread&tid=704159,564032,0,insider:botw
2017/7/5,Marked Man,https://minecraft.net/zh-hans/article/marked-man,万众瞩目之人,http://www.mcbbs.net/forum.php?mod=viewthread&tid=703638,564032,0,culture
2017/7/3,Mcraft Escher,https://minecraft.net/zh-hans/article/mcraft-escher,视错觉艺术家MC ESCHER,http://www.mcbbs.net/forum.php?mod=viewthread&tid=703481,2216381,0,culture
2017/7/2,Now on Marketplace: Space Battle Simulator,https://minecraft.net/zh-hans/article/now-marketplace-space-battle-simulator,-,-,-,0,insider
2017/7/1,Dragon Scale,https://minecraft.net/zh-hans/article/dragon-scale,龙鳞,http://www.mcbbs.net/forum.php?mod=viewthread&tid=702310,564032,1,culture
2017/6/30,Block of the Week: Iron Ore,https://minecraft.net/zh-hans/article/block-week-iron-ore,本周方块：铁矿,http://www.mcbbs.net/forum.php?mod=viewthread&tid=701925,479737,0,insider:botw
2017/6/29,Interview: Max Brooks,https://minecraft.net/zh-hans/article/interview-max-brooks,-,-,-,0,insider
2017/6/28,Dare you enter?,https://minecraft.net/zh-hans/article/dare-you-enter,你敢进来吗？,http://www.mcbbs.net/forum.php?mod=viewthread&tid=701719,564032,1,culture
2017/6/26,Dungeon Creeper!,https://minecraft.net/zh-hans/article/dungeon-creeper,地牢爬行者,http://www.mcbbs.net/forum.php?mod=viewthread&tid=700996,564032,0,culture
2017/6/23,Block of the Week: Magma,https://minecraft.net/zh-hans/article/block-week-magma,本周方块：岩浆块,http://www.mcbbs.net/forum.php?mod=viewthread&tid=700030,564032,0,insider:botw
2017/6/22,Into the woods,https://minecraft.net/zh-hans/article/woods,-,-,-,0,culture
2017/6/21,Touch the Sky,https://minecraft.net/zh-hans/article/touch-sky,-,-,-,0,culture
2017/6/20,Meet the Vindicator,https://minecraft.net/zh-hans/article/meet-vindicator,聊聊卫道士,http://www.mcbbs.net/forum.php?mod=viewthread&tid=699496,10240,0,insider:meet
2017/6/18,Destructobot’s Roll-Out,https://minecraft.net/zh-hans/article/destructobots-roll-out,-,-,-,0,insider
2017/6/17,Past Master,https://minecraft.net/zh-hans/article/past-master,往事高手,http://www.mcbbs.net/forum.php?mod=viewthread&tid=699235,2216381,0,culture
2017/6/16,Block of the Week: Oak Wood,https://minecraft.net/zh-hans/article/block-week-oak-wood,本周方块：橡木,http://www.mcbbs.net/forum.php?mod=viewthread&tid=698406,1480882,0,insider:botw
2017/6/15,Colour us impressed,https://minecraft.net/zh-hans/article/colour-us-impressed,为世界献上惊艳的色彩！,https://www.mcbbs.net/thread-982422-1-1.html,1286708,0,culture
2017/6/10,Marketplace’s prime pixel-pushers,https://minecraft.net/zh-hans/article/marketplaces-prime-pixel-pushers,-,-,-,0,insider
2017/6/8,A Positive Aura,https://minecraft.net/zh-hans/article/positive-aura,-,-,-,0,culture
2017/6/6,Mona Lisa Crafted,https://minecraft.net/zh-hans/article/mona-lisa-crafted,我的世界中的“神秘微笑”,http://www.mcbbs.net/forum.php?mod=viewthread&tid=697938,1350847,0,culture
2017/6/4,Now on Marketplace: ANNIE,https://minecraft.net/zh-hans/article/now-marketplace-annie,Annie：现已上市,http://www.mcbbs.net/forum.php?mod=viewthread&tid=696281,564032,0,insider
2017/6/2,Block of the Week: Clay,https://minecraft.net/zh-hans/article/block-week-clay,本周方块：黏土,http://www.mcbbs.net/forum.php?mod=viewthread&tid=695837,479737,0,insider:botw
2017/5/31,Fit for a King,https://minecraft.net/zh-hans/article/fit-king,属于国王,http://www.mcbbs.net/forum.php?mod=viewthread&tid=696434,1924036,0,culture
2017/5/27,Console Crafters,https://minecraft.net/zh-hans/article/console-crafters,-,-,-,0,culture
2017/5/26,Block of the Week: Jukebox,https://minecraft.net/zh-hans/article/block-week-jukebox,本周方块：唱片机,http://www.mcbbs.net/forum.php?mod=viewthread&tid=694216,1480882,0,insider:botw
2017/5/23,Secrets of Manor,https://minecraft.net/zh-hans/article/secrets-manor,庄园的秘密,http://www.mcbbs.net/forum.php?mod=viewthread&tid=696977,975525,1,culture
2017/5/22,Meet the Ghast,https://minecraft.net/zh-hans/article/meet-ghast,聊聊恶魂,http://www.mcbbs.net/forum.php?mod=viewthread&tid=695166,1350847,0,insider:meet
2017/5/20,All Aboard!,https://minecraft.net/zh-hans/article/all-aboard,-,-,-,0,culture
2017/5/19,Block of the Week: Snow,https://minecraft.net/zh-hans/article/block-week-snow,本周方块：雪块,http://www.mcbbs.net/forum.php?mod=viewthread&tid=693032,1480882,0,insider:botw
2017/5/17,Man Against Nature,https://minecraft.net/zh-hans/article/man-against-nature,征服自然之人,http://www.mcbbs.net/forum.php?mod=viewthread&tid=696176,564032,1,culture
2017/5/16,All Conquering,https://minecraft.net/zh-hans/article/all-conquering,征服一切,http://www.mcbbs.net/forum.php?mod=viewthread&tid=693990,479737,1,culture
2017/5/15,Meet the Creeper,https://minecraft.net/zh-hans/article/meet-creeper,聊聊爬行者,http://www.mcbbs.net/forum.php?mod=viewthread&tid=692531,1350847,0,insider:meet
2017/5/13,For Valhalla,https://minecraft.net/zh-hans/article/valhalla,-,-,-,0,culture
2017/5/12,Block of the Week: Glass,https://minecraft.net/zh-hans/article/block-week-glass,本周方块：玻璃,http://www.mcbbs.net/forum.php?mod=viewthread&tid=691692,1073223,1,insider:botw
2017/5/10,A Temple in the Trees,https://minecraft.net/zh-hans/article/temple-trees,林中神庙,https://www.mcbbs.net/thread-976131-1-1.html,2444361,0,culture
2017/5/9,Script Kiddies,https://minecraft.net/zh-hans/article/script-kiddies,-,-,-,0,culture
2017/5/6,Home Sweet Home,https://minecraft.net/zh-hans/article/home-sweet-home,甜蜜之家,http://www.mcbbs.net/forum.php?mod=viewthread&tid=691070,479737,1,culture
2017/5/5,Block of the Week: End Stone,https://minecraft.net/zh-hans/article/block-week-end-stone,本周方块：末地石,http://www.mcbbs.net/forum.php?mod=viewthread&tid=690467,165947,0,insider:botw
2017/5/3,Console Kingdom,https://minecraft.net/zh-hans/article/console-kingdom,-,-,-,0,culture
2017/5/1,Meet the Evoker,https://minecraft.net/zh-hans/article/meet-evoker,聊聊唤魔者,http://www.mcbbs.net/forum.php?mod=viewthread&tid=689898,1350847,1,insider:meet
2017/4/29,Remembering the White City,https://minecraft.net/zh-hans/article/remembering-white-city,纪念白之城,http://www.mcbbs.net/forum.php?mod=viewthread&tid=690826,479737,1,culture
2017/4/28,Block of the Week: Purpur,https://minecraft.net/zh-hans/article/block-week-purpur,本周方块：紫珀块,http://www.mcbbs.net/forum.php?mod=viewthread&tid=689685,1480882,0,insider:botw
2017/4/27,Hope pays off,https://minecraft.net/zh-hans/article/hope-pays,不负所望,https://www.mcbbs.net/thread-917354-1-1.html,1686742,1,culture
2017/4/26,Zen of the Build,https://minecraft.net/zh-hans/article/zen-build,禅意建筑,http://www.mcbbs.net/forum.php?mod=viewthread&tid=692640,479737,0,culture
2017/4/22,Skii Resort,https://minecraft.net/zh-hans/article/ski-resort,滑雪圣地,http://www.mcbbs.net/forum.php?mod=viewthread&tid=690130,479737,0,culture
2017/4/21,Block of the Week: Emerald,https://minecraft.net/zh-hans/article/block-week-emerald,本周方块：绿宝石,https://www.mcbbs.net/thread-939034-1-1.html,10240,1,insider:botw
2017/4/19,Concrete dreams,https://minecraft.net/zh-hans/article/concrete-dreams,混凝土之梦,http://www.mcbbs.net/forum.php?mod=viewthread&tid=688870,479737,1,culture
2017/4/18,Meet the Llama,https://minecraft.net/zh-hans/article/meet-llama,认识羊驼,http://www.mcbbs.net/forum.php?mod=viewthread&tid=687481,1350847,0,insider:meet
2017/4/17,Meet the friendly folk behind our apps!,https://minecraft.net/zh-hans/article/meet-friendly-folk-behind-our-apps,-,-,-,0,insider
2017/4/15,Spires to Inspire,https://minecraft.net/zh-hans/article/spires-inspire,“峰”芒毕露,http://www.mcbbs.net/thread-732735-1-1.html,479737,1,culture
2017/4/14,Block of the Week: Pumpkin,https://minecraft.net/zh-hans/article/block-week-pumpkin,本周方块：南瓜,http://www.mcbbs.net/forum.php?mod=viewthread&tid=686632,1530988,0,insider:botw
2017/4/13,Groundbreaking Work,https://minecraft.net/zh-hans/article/groundbreaking-work,辟地之作,https://www.mcbbs.net/thread-915257-1-1.html,1686742,1,culture
2017/4/12,Special Delivery,https://minecraft.net/zh-hans/article/special-delivery,特快专递,http://www.mcbbs.net/forum.php?mod=viewthread&tid=691255,2183198,0,culture
2017/4/11,MC Buildcon 2017 Starts Friday,https://minecraft.net/zh-hans/article/mc-buildcon-2017-starts-friday,建筑嘉年华周五开始！,http://www.mcbbs.net/forum.php?mod=viewthread&tid=686313,2065001,0,culture
2017/4/7,Block of the Week: Diamond,https://minecraft.net/zh-hans/article/block-week-diamond,本周方块：钻石,http://www.mcbbs.net/forum.php?mod=viewthread&tid=686024,1480882,0,insider:botw
2017/4/6,Strange New Worlds,https://minecraft.net/zh-hans/article/strange-new-worlds,奇特的新世界,http://www.mcbbs.net/forum.php?mod=viewthread&tid=695204,564032,1,culture
2017/4/5,Modern Art,https://minecraft.net/zh-hans/article/modern-art,现代艺术,http://www.mcbbs.net/forum.php?mod=viewthread&tid=695803,564032,1,culture
2017/4/4,How to Build an Arrow Gauntlet,https://minecraft.net/zh-hans/article/how-build-arrow-gauntlet,-,-,-,0,insider
2017/4/3,Top Ten Add-Ons,https://minecraft.net/zh-hans/article/top-ten-add-ons,附加包前十排行榜,http://www.mcbbs.net/forum.php?mod=viewthread&tid=684069,10240,1,insider
2017/3/31,Block of the Week: Hay Bale,https://minecraft.net/zh-hans/article/block-week-hay-bale,本周方块：干草块,http://www.mcbbs.net/forum.php?mod=viewthread&tid=684086,1350847,0,insider:botw
2017/3/30,Bo and Peep,https://minecraft.net/zh-hans/article/bo-and-peep,波波和唧唧,http://www.mcbbs.net/forum.php?mod=viewthread&tid=732749,1071472,0,culture
2017/3/29,Natural Wonder,https://minecraft.net/zh-hans/article/natural-wonder,自然的奇迹,http://www.mcbbs.net/forum.php?mod=viewthread&tid=685275,660537,1,culture
2017/3/25,Beautiful Madness,https://minecraft.net/zh-hans/article/beautiful-madness,绚丽的狂想,https://www.mcbbs.net/thread-914277-1-1.html,1686742,1,culture
2017/3/24,Block of the Week: Sponge,https://minecraft.net/zh-hans/article/block-week-sponge,本周方块：海绵,http://www.mcbbs.net/forum.php?mod=viewthread&tid=682404,1480882,0,insider:botw
2017/3/23,Making the Strangers Skin Pack,https://minecraft.net/zh-hans/article/making-strangers-skin-pack,-,-,-,0,insider
2017/3/22,Raeyzeus's Top 5 Building Tips,https://minecraft.net/zh-hans/article/raeyzeus-top-5-building-tips,Raeyzeus 的五大建筑技巧,https://www.mcbbs.net/thread-913112-1-1.html,1686742,1,culture
2017/3/20,Meet the Enderman,https://minecraft.net/zh-hans/article/meet-enderman,认识末影人,http://www.mcbbs.net/forum.php?mod=viewthread&tid=682006,1350847,0,insider:meet
2017/3/18,Creativity Cubed,https://minecraft.net/zh-hans/article/creativity-cubed,Cubed的创造力,http://www.mcbbs.net/forum.php?mod=viewthread&tid=696053,479737,1,culture
2017/3/17,Block of the Week: Ice,https://minecraft.net/zh-hans/article/block-week-ice,本周方块：冰,http://www.mcbbs.net/forum.php?mod=viewthread&tid=681085,1350847,1,insider:botw
2017/3/15,A Brief History of Cocoa,https://minecraft.net/zh-hans/article/brief-history-cocoa,可可简史,http://www.mcbbs.net/forum.php?mod=viewthread&tid=681855,1350847,0,insider
2017/3/13,Meet the Villagers,https://minecraft.net/zh-hans/article/meet-villagers,遇见村民,http://www.mcbbs.net/forum.php?mod=viewthread&tid=680499,165947,0,insider:meet
2017/3/11,Block of the Week: Slime,https://minecraft.net/zh-hans/article/block-week-slime,本周方块：粘液块,http://www.mcbbs.net/forum.php?mod=viewthread&tid=679676,1480882,0,insider:botw
2017/3/11,Fisher King,https://minecraft.net/zh-hans/article/fisher-king,渔夫之王,https://www.mcbbs.net/thread-912540-1-1.html,1686742,1,culture
2017/3/8,Killer Builds,https://minecraft.net/zh-hans/article/killer-builds,惊人的建筑,http://www.mcbbs.net/forum.php?mod=viewthread&tid=681395,660537,1,culture
2017/3/7,Meet the Bat,https://minecraft.net/zh-hans/article/meet-bat,聊聊蝙蝠,http://www.mcbbs.net/forum.php?mod=viewthread&tid=679097,1350847,0,insider:meet
2017/3/4,Winter Wonder,https://minecraft.net/zh-hans/article/winter-wonder,冬日奇景,http://www.mcbbs.net/forum.php?mod=viewthread&tid=681574,1678943,0,culture
2017/3/3,Block of the Week: Quartz,https://minecraft.net/zh-hans/article/block-week-quartz,本周方块：石英,http://www.mcbbs.net/forum.php?mod=viewthread&tid=678098,1480882,0,insider:botw
2017/3/3,Space Craft,https://minecraft.net/zh-hans/article/space-craft,太空工艺,http://www.mcbbs.net/forum.php?mod=viewthread&tid=668855,831959,0,culture
2017/3/2,Tips for New Realms Players,https://minecraft.net/zh-hans/article/tips-new-realms-players,给新领域玩家的提示,http://www.mcbbs.net/thread-677827-1-1.html,2065001,0,insider
2017/2/28,Meet the Iron Golem,https://minecraft.net/zh-hans/article/meet-iron-golem,遇见铁傀儡,http://www.mcbbs.net/forum.php?mod=viewthread&tid=677443,3038,1,insider:meet
2017/2/24,Block of the Week: Melon,https://minecraft.net/zh-hans/article/block-week-melon,本周方块：西瓜,http://www.mcbbs.net/forum.php?mod=viewthread&tid=676426,542839,0,insider:botw
2017/2/23,How to Minecraft,https://minecraft.net/zh-hans/article/how-minecraft,官方新手教程——怎么Minecraft？,http://www.mcbbs.net/forum.php?mod=viewthread&tid=676348,1350847,1,insider
2017/2/21,Meet the Magma Cube,https://minecraft.net/zh-hans/article/meet-magma-cube,聊聊岩浆怪,http://www.mcbbs.net/forum.php?mod=viewthread&tid=675989,1350847,0,insider:meet
2017/2/20,Shadows Over Midway,https://minecraft.net/zh-hans/article/shadows-over-midway,中途岛上空的阴影,http://www.mcbbs.net/forum.php?mod=viewthread&tid=691460,479737,1,culture
2017/2/18,Flying Colours,https://minecraft.net/zh-hans/article/flying-colours,飞翔的颜色,http://www.mcbbs.net/forum.php?mod=viewthread&tid=695981,564032,1,culture
2017/2/17,Block of the Week: Gold,https://minecraft.net/zh-hans/article/block-week-gold,本周方块：金块,http://www.mcbbs.net/forum.php?mod=viewthread&tid=675803,734534,0,insider:botw
2017/2/15,Black Sails,https://minecraft.net/zh-hans/article/black-sails,黑色风帆,http://www.mcbbs.net/thread-775090-1-1.html,831959,0,culture
2017/2/14,Beyond Good and Evil,https://minecraft.net/zh-hans/article/beyond-good-and-evil,在好与坏的那一边,http://www.mcbbs.net/forum.php?mod=viewthread&tid=682183,1678943,0,culture
2017/2/13,Meet the Wither,https://minecraft.net/zh-hans/article/meet-wither,聊聊凋灵,http://www.mcbbs.net/thread-676808-1-1.html,1579221,0,insider:meet
2017/2/11,Making Mythic Music,https://minecraft.net/zh-hans/article/making-mythic-music,神话配乐制作,http://www.mcbbs.net/forum.php?mod=viewthread&tid=675967,161872,1,insider
2017/2/10,Block of the Week: Cactus,https://minecraft.net/zh-hans/article/block-week-cactus,本周方块：仙人掌,http://www.mcbbs.net/forum.php?mod=viewthread&tid=673384,10240,1,insider:botw
2017/2/9,Food Festival,https://minecraft.net/zh-hans/article/food-festival,美食节,http://www.mcbbs.net/forum.php?mod=viewthread&tid=684795,1350847,1,culture
2017/2/3,Block of the Week: Lapis Lazuli,https://minecraft.net/zh-hans/article/block-week-lapis-lazuli,本周方块：青金石,http://www.mcbbs.net/forum.php?mod=viewthread&tid=670522,3038,0,insider:botw
2017/2/2,The Making of Diversity,https://minecraft.net/zh-hans/article/making-diversity,Diversity的制作过程,https://www.mcbbs.net/thread-910573-1-1.html,1686742,1,culture
2017/2/1,Flight of Fancy,https://minecraft.net/zh-hans/article/flight-fancy,放飞梦想,http://www.mcbbs.net/forum.php?mod=viewthread&tid=711219,1480882,1,culture
2017/1/30,Meet the Shulker,https://minecraft.net/zh-hans/article/meet-shulker,遇见潜影贝,http://www.mcbbs.net/forum.php?mod=viewthread&tid=677531,1575538,1,insider:meet
2017/1/28,Five Years in Westeros,https://minecraft.net/zh-hans/article/five-years-westeros,维斯特洛的五年历程,http://www.mcbbs.net/forum.php?mod=viewthread&tid=691763,479737,1,culture
2017/1/27,Block of the Week: Obsidian,https://minecraft.net/zh-hans/article/block-week-obsidian,本周方块：黑曜石,http://www.mcbbs.net/forum.php?mod=viewthread&tid=668950,10240,1,insider:botw
2017/1/26,From the Desk of Bopogamel,https://minecraft.net/zh-hans/article/desk-bopogamel,-,-,-,0,insider
2017/1/26,Transcending Scales,https://minecraft.net/zh-hans/article/transcending-scales,超越度量的范畴,http://www.mcbbs.net/forum.php?mod=viewthread&tid=691340,1480882,0,culture
2017/1/24,Gardener's Delight,https://minecraft.net/zh-hans/article/gardeners-delight,花园的气息,http://www.mcbbs.net/forum.php?mod=viewthread&tid=666740,2065001,0,culture
2017/1/23,Meet the Nitwit,https://minecraft.net/zh-hans/article/meet-nitwit,遇见傻瓜村民,http://www.mcbbs.net/forum.php?mod=viewthread&tid=666427,2065001,0,insider:meet
2017/1/20,Block of the Week: Prismarine,https://minecraft.net/zh-hans/article/block-week-prismarine,本周方块：海晶石,http://www.mcbbs.net/forum.php?mod=viewthread&tid=675795,1350847,0,insider:botw
2017/1/19,In Deep Thought,https://minecraft.net/zh-hans/article/deep-thought,值得深思,http://www.mcbbs.net/forum.php?mod=viewthread&tid=710822,1480882,0,culture
2017/1/18,SimplySarc's top Minecraft hacks,https://minecraft.net/zh-hans/article/simplysarcs-top-minecraft-hacks,SimplySarc 的顶尖 Minecraft 技巧,http://www.mcbbs.net/forum.php?mod=viewthread&tid=702817,564032,0,culture
2017/1/17,Learning To Fly,https://minecraft.net/zh-hans/article/learning-fly,学会飞翔,http://www.mcbbs.net/forum.php?mod=viewthread&tid=684834,10240,0,insider
2017/1/16,Gothenburg in blocks,https://minecraft.net/zh-hans/article/gothenburg-blocks,方块组成的哥德堡,http://www.mcbbs.net/forum.php?mod=viewthread&tid=698207,1480882,0,culture
2017/1/14,Block of the Week: Farmland,https://minecraft.net/zh-hans/article/block-week-farmland,本周方块：耕地,http://www.mcbbs.net/forum.php?mod=viewthread&tid=675888,1480882,0,insider:botw
2017/1/12,Water and Sky,https://minecraft.net/zh-hans/article/water-and-sky,水和天,http://www.mcbbs.net/forum.php?mod=viewthread&tid=681451,1678943,0,culture
2017/1/11,Meet the Polar Bear,https://minecraft.net/zh-hans/article/meet-polar-bear,聊聊北极熊,http://www.mcbbs.net/forum.php?mod=viewthread&tid=676885,10240,0,insider:meet
2017/1/11,Everyday Genius,https://minecraft.net/zh-hans/article/everyday-genius,平凡中的天才,http://www.mcbbs.net/forum.php?mod=viewthread&tid=676767,660537,1,culture
2016/12/22,Coding Ye Olde London,https://minecraft.net/zh-hans/article/coding-ye-olde-london,为古老的伦敦编码,http://www.mcbbs.net/forum.php?mod=viewthread&tid=691330,1480882,1,culture
2016/12/20,Meet the Blaze,https://minecraft.net/zh-hans/article/meet-blaze,聊聊烈焰人,http://www.mcbbs.net/forum.php?mod=viewthread&tid=676867,1579221,0,insider:meet
2016/12/17,The Making of Terra Swoop Force,https://minecraft.net/zh-hans/article/making-terra-swoop-force,地心历险地图的制作,http://www.mcbbs.net/forum.php?mod=viewthread&tid=691315,1480882,0,culture
2016/12/16,Add-Ons: What's in a name?,https://minecraft.net/zh-hans/article/add-ons-whats-name,Add-Ons：名字代表了什么？,http://www.mcbbs.net/forum.php?mod=viewthread&tid=654919,266277,0,insider
2016/12/16,Block of the Week: Bookshelf,https://minecraft.net/zh-hans/article/block-week-bookshelf,本周方块：书架,http://www.mcbbs.net/forum.php?mod=viewthread&tid=675875,1480882,0,insider:botw
2016/12/14,Meet The Stray,https://minecraft.net/zh-hans/article/meet-stray,遇见流髑,http://www.mcbbs.net/forum.php?mod=viewthread&tid=677009,1579221,0,insider:meet
2016/12/14,Welcome to Broville,https://minecraft.net/zh-hans/article/welcome-broville,欢迎来到Broville,http://www.mcbbs.net/forum.php?mod=viewthread&tid=691301,1480882,0,culture
2016/12/13,The Making of Valley of Kings,https://minecraft.net/zh-hans/article/making-valley-kings,国王之谷的制作,http://www.mcbbs.net/forum.php?mod=viewthread&tid=694337,1480882,0,culture
2016/12/12,Growing up,https://minecraft.net/zh-hans/article/growing,成长,http://www.mcbbs.net/forum.php?mod=viewthread&tid=681599,1678943,0,culture
2016/11/30,Lunatique’s Astronaut,https://minecraft.net/zh-hans/article/lunatiques-astronaut,Lunatique的宇航员,http://www.mcbbs.net/forum.php?mod=viewthread&tid=679086,1350847,1,culture
2016/11/28,Temples beneath the sea,https://minecraft.net/zh-hans/article/temples-beneath-sea,海底遗迹,http://www.mcbbs.net/forum.php?mod=viewthread&tid=679328,1350847,1,insider
2016/11/28,The Secrets of Shrunk,https://minecraft.net/zh-hans/article/secrets-shrunk,-,-,-,0,insider
2016/11/28,Block of the Week: Mycelium,https://minecraft.net/zh-hans/article/block-week-mycelium,本周方块：菌丝,http://www.mcbbs.net/forum.php?mod=viewthread&tid=675793,1350847,0,insider:botw
2016/11/28,The story of Chunky,https://minecraft.net/zh-hans/article/story-chunky,Chunky的故事,http://www.mcbbs.net/forum.php?mod=viewthread&tid=655056,266277,1,culture
2016/11/28,Major Lasers,https://minecraft.net/zh-hans/article/major-lasers,巨型激光,https://www.mcbbs.net/thread-929776-1-1.html,10240,1,culture
2016/11/28,Behold this intricate giganto-build!,https://minecraft.net/zh-hans/article/behold-intricate-giganto-build,瞧瞧这个错综复杂的GIGANTO建筑！,http://www.mcbbs.net/forum.php?mod=viewthread&tid=680178,1350847,0,culture
2016/11/27,Searge’s Top Five Games,https://minecraft.net/zh-hans/article/searges-top-five-games,Searge最爱的五款游戏,http://www.mcbbs.net/forum.php?mod=viewthread&tid=698098,10240,0,insider
2016/11/25,Who framed the killer rabbit?,https://minecraft.net/zh-hans/article/who-framed-killer-rabbit,谁创造了杀手兔,http://www.mcbbs.net/forum.php?mod=viewthread&tid=676834,1579221,0,insider:meet
2016/11/25,Welcome to the house of horrors,https://minecraft.net/zh-hans/article/welcome-house-horrors,欢迎来到惊骇屋,http://www.mcbbs.net/forum.php?mod=viewthread&tid=691154,2183198,0,culture
2016/11/25,Tower of Nerd power,https://minecraft.net/zh-hans/article/tower-nerd-power,塔与Nerd之力,http://www.mcbbs.net/forum.php?mod=viewthread&tid=691300,1480882,0,culture
2016/11/25,Amazing maze solver,https://minecraft.net/zh-hans/article/amazing-maze-solver,惊人的迷宫求解器,http://www.mcbbs.net/forum.php?mod=viewthread&tid=680109,165947,0,culture
2016/11/24,Block of the Week: Soul Sand,https://minecraft.net/zh-hans/article/block-week-soul-sand,本周方块：灵魂沙,http://www.mcbbs.net/forum.php?mod=viewthread&tid=675794,1350847,0,insider:botw
2016/11/24,Full sail ahead,https://minecraft.net/zh-hans/article/full-sail-ahead,扬帆起航,http://www.mcbbs.net/forum.php?mod=viewthread&tid=678628,1350847,1,culture
